"기준_년분기_코드","행정동_코드","행정동_코드_명","서비스_업종_코드","서비스_업종_코드_명","점포_수","유사_업종_점포_수","프랜차이즈_점포_수"
"20254","1111051500","청운효자동","SC01","외식/카페","340","346","6"
"20254","1111051500","청운효자동","SC02","소매/유통","308","327","19"
"20254","1111051500","청운효자동","SC03","생활서비스","128","132","4"
"20254","1111051500","청운효자동","SC04","교육/의료/전문서비스","62","63","1"
"20254","1111051500","청운효자동","SC05","여가/오락/숙박","79","79","0"
"20254","1111053000","사직동","SC01","외식/카페","923","1065","142"
"20254","1111053000","사직동","SC02","소매/유통","630","679","49"
"20254","1111053000","사직동","SC03","생활서비스","246","253","7"
"20254","1111053000","사직동","SC04","교육/의료/전문서비스","289","290","1"
"20254","1111053000","사직동","SC05","여가/오락/숙박","567","569","2"
"20254","1111054000","삼청동","SC01","외식/카페","261","289","28"
"20254","1111054000","삼청동","SC02","소매/유통","333","349","16"
"20254","1111054000","삼청동","SC03","생활서비스","48","48","0"
"20254","1111054000","삼청동","SC04","교육/의료/전문서비스","29","30","1"
"20254","1111054000","삼청동","SC05","여가/오락/숙박","43","43","0"
"20254","1111055000","부암동","SC01","외식/카페","128","139","11"
"20254","1111055000","부암동","SC02","소매/유통","147","158","11"
"20254","1111055000","부암동","SC03","생활서비스","69","76","7"
"20254","1111055000","부암동","SC04","교육/의료/전문서비스","56","57","1"
"20254","1111055000","부암동","SC05","여가/오락/숙박","35","35","0"
"20254","1111056000","평창동","SC01","외식/카페","121","145","24"
"20254","1111056000","평창동","SC02","소매/유통","243","258","15"
"20254","1111056000","평창동","SC03","생활서비스","133","135","2"
"20254","1111056000","평창동","SC04","교육/의료/전문서비스","87","87","0"
"20254","1111056000","평창동","SC05","여가/오락/숙박","51","51","0"
"20254","1111057000","무악동","SC01","외식/카페","28","42","14"
"20254","1111057000","무악동","SC02","소매/유통","46","51","5"
"20254","1111057000","무악동","SC03","생활서비스","42","43","1"
"20254","1111057000","무악동","SC04","교육/의료/전문서비스","34","35","1"
"20254","1111057000","무악동","SC05","여가/오락/숙박","17","17","0"
"20254","1111058000","교남동","SC01","외식/카페","56","101","45"
"20254","1111058000","교남동","SC02","소매/유통","107","125","18"
"20254","1111058000","교남동","SC03","생활서비스","65","69","4"
"20254","1111058000","교남동","SC04","교육/의료/전문서비스","47","48","1"
"20254","1111058000","교남동","SC05","여가/오락/숙박","20","22","2"
"20254","11110600","가회동","SC01","외식/카페","235","262","27"
"20254","11110600","가회동","SC02","소매/유통","204","214","10"
"20254","11110600","가회동","SC03","생활서비스","69","70","1"
"20254","11110600","가회동","SC04","교육/의료/전문서비스","23","23","0"
"20254","11110600","가회동","SC05","여가/오락/숙박","79","81","2"
"20254","1111061500","종로1?2?3?4가동","SC01","외식/카페","2260","2603","343"
"20254","1111061500","종로1?2?3?4가동","SC02","소매/유통","5546","5689","143"
"20254","1111061500","종로1?2?3?4가동","SC03","생활서비스","523","531","8"
"20254","1111061500","종로1?2?3?4가동","SC04","교육/의료/전문서비스","580","585","5"
"20254","1111061500","종로1?2?3?4가동","SC05","여가/오락/숙박","968","979","11"
"20254","1111063000","종로5?6가동","SC01","외식/카페","468","531","63"
"20254","1111063000","종로5?6가동","SC02","소매/유통","1006","1033","27"
"20254","1111063000","종로5?6가동","SC03","생활서비스","149","151","2"
"20254","1111063000","종로5?6가동","SC04","교육/의료/전문서비스","159","159","0"
"20254","1111063000","종로5?6가동","SC05","여가/오락/숙박","91","91","0"
"20254","1111064000","이화동","SC01","외식/카페","286","381","95"
"20254","1111064000","이화동","SC02","소매/유통","236","265","29"
"20254","1111064000","이화동","SC03","생활서비스","65","69","4"
"20254","1111064000","이화동","SC04","교육/의료/전문서비스","44","49","5"
"20254","1111064000","이화동","SC05","여가/오락/숙박","44","46","2"
"20254","1111065000","혜화동","SC01","외식/카페","567","693","126"
"20254","1111065000","혜화동","SC02","소매/유통","330","376","46"
"20254","1111065000","혜화동","SC03","생활서비스","218","230","12"
"20254","1111065000","혜화동","SC04","교육/의료/전문서비스","98","106","8"
"20254","1111065000","혜화동","SC05","여가/오락/숙박","118","122","4"
"20254","1111067000","창신1동","SC01","외식/카페","217","243","26"
"20254","1111067000","창신1동","SC02","소매/유통","1103","1122","19"
"20254","1111067000","창신1동","SC03","생활서비스","88","88","0"
"20254","1111067000","창신1동","SC04","교육/의료/전문서비스","57","59","2"
"20254","1111067000","창신1동","SC05","여가/오락/숙박","73","74","1"
"20254","1111068000","창신2동","SC01","외식/카페","122","131","9"
"20254","1111068000","창신2동","SC02","소매/유통","120","128","8"
"20254","1111068000","창신2동","SC03","생활서비스","60","61","1"
"20254","1111068000","창신2동","SC04","교육/의료/전문서비스","16","16","0"
"20254","1111068000","창신2동","SC05","여가/오락/숙박","28","28","0"
"20254","1111069000","창신3동","SC01","외식/카페","21","28","7"
"20254","1111069000","창신3동","SC02","소매/유통","68","73","5"
"20254","1111069000","창신3동","SC03","생활서비스","43","44","1"
"20254","1111069000","창신3동","SC04","교육/의료/전문서비스","14","16","2"
"20254","1111069000","창신3동","SC05","여가/오락/숙박","12","12","0"
"20254","11110700","숭인1동","SC01","외식/카페","42","56","14"
"20254","11110700","숭인1동","SC02","소매/유통","106","114","8"
"20254","11110700","숭인1동","SC03","생활서비스","61","64","3"
"20254","11110700","숭인1동","SC04","교육/의료/전문서비스","34","34","0"
"20254","11110700","숭인1동","SC05","여가/오락/숙박","16","17","1"
"20254","1111071000","숭인2동","SC01","외식/카페","170","210","40"
"20254","1111071000","숭인2동","SC02","소매/유통","419","447","28"
"20254","1111071000","숭인2동","SC03","생활서비스","124","125","1"
"20254","1111071000","숭인2동","SC04","교육/의료/전문서비스","39","39","0"
"20254","1111071000","숭인2동","SC05","여가/오락/숙박","79","79","0"
"20254","1114052000","소공동","SC01","외식/카페","636","807","171"
"20254","1114052000","소공동","SC02","소매/유통","1289","1362","73"
"20254","1114052000","소공동","SC03","생활서비스","151","151","0"
"20254","1114052000","소공동","SC04","교육/의료/전문서비스","327","327","0"
"20254","1114052000","소공동","SC05","여가/오락/숙박","278","284","6"
"20254","1114054000","회현동","SC01","외식/카페","524","668","144"
"20254","1114054000","회현동","SC02","소매/유통","3817","3898","81"
"20254","1114054000","회현동","SC03","생활서비스","200","209","9"
"20254","1114054000","회현동","SC04","교육/의료/전문서비스","106","106","0"
"20254","1114054000","회현동","SC05","여가/오락/숙박","105","106","1"
"20254","1114055000","명동","SC01","외식/카페","1174","1479","305"
"20254","1114055000","명동","SC02","소매/유통","1381","1546","165"
"20254","1114055000","명동","SC03","생활서비스","424","450","26"
"20254","1114055000","명동","SC04","교육/의료/전문서비스","461","462","1"
"20254","1114055000","명동","SC05","여가/오락/숙박","854","860","6"
"20254","1114057000","필동","SC01","외식/카페","437","529","92"
"20254","1114057000","필동","SC02","소매/유통","314","348","34"
"20254","1114057000","필동","SC03","생활서비스","174","175","1"
"20254","1114057000","필동","SC04","교육/의료/전문서비스","136","137","1"
"20254","1114057000","필동","SC05","여가/오락/숙박","99","99","0"
"20254","1114058000","장충동","SC01","외식/카페","153","169","16"
"20254","1114058000","장충동","SC02","소매/유통","219","236","17"
"20254","1114058000","장충동","SC03","생활서비스","61","62","1"
"20254","1114058000","장충동","SC04","교육/의료/전문서비스","25","26","1"
"20254","1114058000","장충동","SC05","여가/오락/숙박","37","37","0"
"20254","1114059000","광희동","SC01","외식/카페","605","734","129"
"20254","1114059000","광희동","SC02","소매/유통","3664","3752","88"
"20254","1114059000","광희동","SC03","생활서비스","246","253","7"
"20254","1114059000","광희동","SC04","교육/의료/전문서비스","179","180","1"
"20254","1114059000","광희동","SC05","여가/오락/숙박","191","197","6"
"20254","1114060500","을지로동","SC01","외식/카페","712","796","84"
"20254","1114060500","을지로동","SC02","소매/유통","1643","1687","44"
"20254","1114060500","을지로동","SC03","생활서비스","206","210","4"
"20254","1114060500","을지로동","SC04","교육/의료/전문서비스","151","151","0"
"20254","1114060500","을지로동","SC05","여가/오락/숙박","138","139","1"
"20254","1114061500","신당동","SC01","외식/카페","301","374","73"
"20254","1114061500","신당동","SC02","소매/유통","9350","9386","36"
"20254","1114061500","신당동","SC03","생활서비스","212","217","5"
"20254","1114061500","신당동","SC04","교육/의료/전문서비스","60","61","1"
"20254","1114061500","신당동","SC05","여가/오락/숙박","69","69","0"
"20254","1114062500","다산동","SC01","외식/카페","196","232","36"
"20254","1114062500","다산동","SC02","소매/유통","358","383","25"
"20254","1114062500","다산동","SC03","생활서비스","119","122","3"
"20254","1114062500","다산동","SC04","교육/의료/전문서비스","77","80","3"
"20254","1114062500","다산동","SC05","여가/오락/숙박","59","60","1"
"20254","1114063500","약수동","SC01","외식/카페","124","151","27"
"20254","1114063500","약수동","SC02","소매/유통","212","224","12"
"20254","1114063500","약수동","SC03","생활서비스","152","160","8"
"20254","1114063500","약수동","SC04","교육/의료/전문서비스","99","102","3"
"20254","1114063500","약수동","SC05","여가/오락/숙박","45","46","1"
"20254","1114064500","청구동","SC01","외식/카페","50","61","11"
"20254","1114064500","청구동","SC02","소매/유통","220","226","6"
"20254","1114064500","청구동","SC03","생활서비스","81","83","2"
"20254","1114064500","청구동","SC04","교육/의료/전문서비스","55","61","6"
"20254","1114064500","청구동","SC05","여가/오락/숙박","31","31","0"
"20254","1114065000","신당5동","SC01","외식/카페","246","282","36"
"20254","1114065000","신당5동","SC02","소매/유통","258","272","14"
"20254","1114065000","신당5동","SC03","생활서비스","118","119","1"
"20254","1114065000","신당5동","SC04","교육/의료/전문서비스","56","59","3"
"20254","1114065000","신당5동","SC05","여가/오락/숙박","42","42","0"
"20254","1114066500","동화동","SC01","외식/카페","109","128","19"
"20254","1114066500","동화동","SC02","소매/유통","236","248","12"
"20254","1114066500","동화동","SC03","생활서비스","96","99","3"
"20254","1114066500","동화동","SC04","교육/의료/전문서비스","49","51","2"
"20254","1114066500","동화동","SC05","여가/오락/숙박","41","42","1"
"20254","1114067000","황학동","SC01","외식/카페","268","324","56"
"20254","1114067000","황학동","SC02","소매/유통","635","653","18"
"20254","1114067000","황학동","SC03","생활서비스","277","284","7"
"20254","1114067000","황학동","SC04","교육/의료/전문서비스","58","60","2"
"20254","1114067000","황학동","SC05","여가/오락/숙박","67","69","2"
"20254","1114068000","중림동","SC01","외식/카페","187","228","41"
"20254","1114068000","중림동","SC02","소매/유통","209","230","21"
"20254","1114068000","중림동","SC03","생활서비스","107","109","2"
"20254","1114068000","중림동","SC04","교육/의료/전문서비스","55","55","0"
"20254","1114068000","중림동","SC05","여가/오락/숙박","68","70","2"
"20254","1117051000","후암동","SC01","외식/카페","219","246","27"
"20254","1117051000","후암동","SC02","소매/유통","305","329","24"
"20254","1117051000","후암동","SC03","생활서비스","176","181","5"
"20254","1117051000","후암동","SC04","교육/의료/전문서비스","75","76","1"
"20254","1117051000","후암동","SC05","여가/오락/숙박","50","51","1"
"20254","1117052000","용산2가동","SC01","외식/카페","298","321","23"
"20254","1117052000","용산2가동","SC02","소매/유통","159","181","22"
"20254","1117052000","용산2가동","SC03","생활서비스","99","104","5"
"20254","1117052000","용산2가동","SC04","교육/의료/전문서비스","27","27","0"
"20254","1117052000","용산2가동","SC05","여가/오락/숙박","21","21","0"
"20254","1117053000","남영동","SC01","외식/카페","459","564","105"
"20254","1117053000","남영동","SC02","소매/유통","315","364","49"
"20254","1117053000","남영동","SC03","생활서비스","136","142","6"
"20254","1117053000","남영동","SC04","교육/의료/전문서비스","111","111","0"
"20254","1117053000","남영동","SC05","여가/오락/숙박","149","153","4"
"20254","1117055500","청파동","SC01","외식/카페","397","492","95"
"20254","1117055500","청파동","SC02","소매/유통","346","385","39"
"20254","1117055500","청파동","SC03","생활서비스","248","260","12"
"20254","1117055500","청파동","SC04","교육/의료/전문서비스","64","70","6"
"20254","1117055500","청파동","SC05","여가/오락/숙박","124","127","3"
"20254","1117056000","원효로1동","SC01","외식/카페","292","330","38"
"20254","1117056000","원효로1동","SC02","소매/유통","845","871","26"
"20254","1117056000","원효로1동","SC03","생활서비스","229","237","8"
"20254","1117056000","원효로1동","SC04","교육/의료/전문서비스","106","109","3"
"20254","1117056000","원효로1동","SC05","여가/오락/숙박","76","79","3"
"20254","1117057000","원효로2동","SC01","외식/카페","85","109","24"
"20254","1117057000","원효로2동","SC02","소매/유통","508","520","12"
"20254","1117057000","원효로2동","SC03","생활서비스","139","145","6"
"20254","1117057000","원효로2동","SC04","교육/의료/전문서비스","62","70","8"
"20254","1117057000","원효로2동","SC05","여가/오락/숙박","35","38","3"
"20254","1117058000","효창동","SC01","외식/카페","51","65","14"
"20254","1117058000","효창동","SC02","소매/유통","143","152","9"
"20254","1117058000","효창동","SC03","생활서비스","65","67","2"
"20254","1117058000","효창동","SC04","교육/의료/전문서비스","43","47","4"
"20254","1117058000","효창동","SC05","여가/오락/숙박","22","22","0"
"20254","1117059000","용문동","SC01","외식/카페","117","150","33"
"20254","1117059000","용문동","SC02","소매/유통","221","228","7"
"20254","1117059000","용문동","SC03","생활서비스","108","113","5"
"20254","1117059000","용문동","SC04","교육/의료/전문서비스","51","55","4"
"20254","1117059000","용문동","SC05","여가/오락/숙박","22","22","0"
"20254","1117062500","한강로동","SC01","외식/카페","1082","1295","213"
"20254","1117062500","한강로동","SC02","소매/유통","2745","2825","80"
"20254","1117062500","한강로동","SC03","생활서비스","546","577","31"
"20254","1117062500","한강로동","SC04","교육/의료/전문서비스","305","305","0"
"20254","1117062500","한강로동","SC05","여가/오락/숙박","208","213","5"
"20254","1117063000","이촌1동","SC01","외식/카페","149","184","35"
"20254","1117063000","이촌1동","SC02","소매/유통","254","269","15"
"20254","1117063000","이촌1동","SC03","생활서비스","169","177","8"
"20254","1117063000","이촌1동","SC04","교육/의료/전문서비스","139","147","8"
"20254","1117063000","이촌1동","SC05","여가/오락/숙박","33","35","2"
"20254","1117064000","이촌2동","SC01","외식/카페","31","39","8"
"20254","1117064000","이촌2동","SC02","소매/유통","125","132","7"
"20254","1117064000","이촌2동","SC03","생활서비스","78","80","2"
"20254","1117064000","이촌2동","SC04","교육/의료/전문서비스","26","29","3"
"20254","1117064000","이촌2동","SC05","여가/오락/숙박","7","7","0"
"20254","1117065000","이태원1동","SC01","외식/카페","627","684","57"
"20254","1117065000","이태원1동","SC02","소매/유통","665","694","29"
"20254","1117065000","이태원1동","SC03","생활서비스","135","141","6"
"20254","1117065000","이태원1동","SC04","교육/의료/전문서비스","43","43","0"
"20254","1117065000","이태원1동","SC05","여가/오락/숙박","79","79","0"
"20254","1117066000","이태원2동","SC01","외식/카페","297","319","22"
"20254","1117066000","이태원2동","SC02","소매/유통","301","316","15"
"20254","1117066000","이태원2동","SC03","생활서비스","156","157","1"
"20254","1117066000","이태원2동","SC04","교육/의료/전문서비스","43","44","1"
"20254","1117066000","이태원2동","SC05","여가/오락/숙박","38","38","0"
"20254","1117068500","한남동","SC01","외식/카페","698","769","71"
"20254","1117068500","한남동","SC02","소매/유통","921","955","34"
"20254","1117068500","한남동","SC03","생활서비스","396","408","12"
"20254","1117068500","한남동","SC04","교육/의료/전문서비스","116","117","1"
"20254","1117068500","한남동","SC05","여가/오락/숙박","166","170","4"
"20254","1117069000","서빙고동","SC01","외식/카페","62","70","8"
"20254","1117069000","서빙고동","SC02","소매/유통","150","157","7"
"20254","1117069000","서빙고동","SC03","생활서비스","89","95","6"
"20254","1117069000","서빙고동","SC04","교육/의료/전문서비스","23","29","6"
"20254","1117069000","서빙고동","SC05","여가/오락/숙박","20","20","0"
"20254","11170700","보광동","SC01","외식/카페","131","144","13"
"20254","11170700","보광동","SC02","소매/유통","192","202","10"
"20254","11170700","보광동","SC03","생활서비스","166","169","3"
"20254","11170700","보광동","SC04","교육/의료/전문서비스","44","46","2"
"20254","11170700","보광동","SC05","여가/오락/숙박","22","22","0"
"20254","1120052000","왕십리2동","SC01","외식/카페","113","141","28"
"20254","1120052000","왕십리2동","SC02","소매/유통","183","203","20"
"20254","1120052000","왕십리2동","SC03","생활서비스","140","147","7"
"20254","1120052000","왕십리2동","SC04","교육/의료/전문서비스","66","69","3"
"20254","1120052000","왕십리2동","SC05","여가/오락/숙박","33","33","0"
"20254","1120053500","왕십리도선동","SC01","외식/카페","391","501","110"
"20254","1120053500","왕십리도선동","SC02","소매/유통","573","612","39"
"20254","1120053500","왕십리도선동","SC03","생활서비스","404","415","11"
"20254","1120053500","왕십리도선동","SC04","교육/의료/전문서비스","233","247","14"
"20254","1120053500","왕십리도선동","SC05","여가/오락/숙박","157","160","3"
"20254","1120054000","마장동","SC01","외식/카페","181","208","27"
"20254","1120054000","마장동","SC02","소매/유통","1746","1765","19"
"20254","1120054000","마장동","SC03","생활서비스","163","166","3"
"20254","1120054000","마장동","SC04","교육/의료/전문서비스","71","75","4"
"20254","1120054000","마장동","SC05","여가/오락/숙박","55","55","0"
"20254","1120055000","사근동","SC01","외식/카페","346","458","112"
"20254","1120055000","사근동","SC02","소매/유통","149","179","30"
"20254","1120055000","사근동","SC03","생활서비스","108","113","5"
"20254","1120055000","사근동","SC04","교육/의료/전문서비스","34","37","3"
"20254","1120055000","사근동","SC05","여가/오락/숙박","68","72","4"
"20254","1120056000","행당1동","SC01","외식/카페","267","362","95"
"20254","1120056000","행당1동","SC02","소매/유통","410","440","30"
"20254","1120056000","행당1동","SC03","생활서비스","163","172","9"
"20254","1120056000","행당1동","SC04","교육/의료/전문서비스","167","173","6"
"20254","1120056000","행당1동","SC05","여가/오락/숙박","79","80","1"
"20254","1120057000","행당2동","SC01","외식/카페","46","75","29"
"20254","1120057000","행당2동","SC02","소매/유통","169","181","12"
"20254","1120057000","행당2동","SC03","생활서비스","108","118","10"
"20254","1120057000","행당2동","SC04","교육/의료/전문서비스","143","157","14"
"20254","1120057000","행당2동","SC05","여가/오락/숙박","32","33","1"
"20254","1120058000","응봉동","SC01","외식/카페","26","35","9"
"20254","1120058000","응봉동","SC02","소매/유통","125","131","6"
"20254","1120058000","응봉동","SC03","생활서비스","60","67","7"
"20254","1120058000","응봉동","SC04","교육/의료/전문서비스","44","45","1"
"20254","1120058000","응봉동","SC05","여가/오락/숙박","16","16","0"
"20254","1120059000","금호1가동","SC01","외식/카페","59","78","19"
"20254","1120059000","금호1가동","SC02","소매/유통","142","151","9"
"20254","1120059000","금호1가동","SC03","생활서비스","99","101","2"
"20254","1120059000","금호1가동","SC04","교육/의료/전문서비스","83","94","11"
"20254","1120059000","금호1가동","SC05","여가/오락/숙박","30","32","2"
"20254","1120061500","금호2?3가동","SC01","외식/카페","212","258","46"
"20254","1120061500","금호2?3가동","SC02","소매/유통","278","295","17"
"20254","1120061500","금호2?3가동","SC03","생활서비스","165","181","16"
"20254","1120061500","금호2?3가동","SC04","교육/의료/전문서비스","97","100","3"
"20254","1120061500","금호2?3가동","SC05","여가/오락/숙박","53","53","0"
"20254","1120062000","금호4가동","SC01","외식/카페","111","139","28"
"20254","1120062000","금호4가동","SC02","소매/유통","156","170","14"
"20254","1120062000","금호4가동","SC03","생활서비스","118","127","9"
"20254","1120062000","금호4가동","SC04","교육/의료/전문서비스","87","93","6"
"20254","1120062000","금호4가동","SC05","여가/오락/숙박","49","50","1"
"20254","1120064500","옥수동","SC01","외식/카페","137","172","35"
"20254","1120064500","옥수동","SC02","소매/유통","253","282","29"
"20254","1120064500","옥수동","SC03","생활서비스","185","199","14"
"20254","1120064500","옥수동","SC04","교육/의료/전문서비스","158","167","9"
"20254","1120064500","옥수동","SC05","여가/오락/숙박","76","77","1"
"20254","1120065000","성수1가1동","SC01","외식/카페","263","304","41"
"20254","1120065000","성수1가1동","SC02","소매/유통","427","451","24"
"20254","1120065000","성수1가1동","SC03","생활서비스","264","275","11"
"20254","1120065000","성수1가1동","SC04","교육/의료/전문서비스","83","87","4"
"20254","1120065000","성수1가1동","SC05","여가/오락/숙박","77","77","0"
"20254","1120066000","성수1가2동","SC01","외식/카페","681","758","77"
"20254","1120066000","성수1가2동","SC02","소매/유통","776","808","32"
"20254","1120066000","성수1가2동","SC03","생활서비스","343","357","14"
"20254","1120066000","성수1가2동","SC04","교육/의료/전문서비스","186","189","3"
"20254","1120066000","성수1가2동","SC05","여가/오락/숙박","95","96","1"
"20254","1120067000","성수2가1동","SC01","외식/카페","475","526","51"
"20254","1120067000","성수2가1동","SC02","소매/유통","662","694","32"
"20254","1120067000","성수2가1동","SC03","생활서비스","266","275","9"
"20254","1120067000","성수2가1동","SC04","교육/의료/전문서비스","57","57","0"
"20254","1120067000","성수2가1동","SC05","여가/오락/숙박","80","80","0"
"20254","1120069000","성수2가3동","SC01","외식/카페","708","830","122"
"20254","1120069000","성수2가3동","SC02","소매/유통","1468","1527","59"
"20254","1120069000","성수2가3동","SC03","생활서비스","502","515","13"
"20254","1120069000","성수2가3동","SC04","교육/의료/전문서비스","331","335","4"
"20254","1120069000","성수2가3동","SC05","여가/오락/숙박","143","148","5"
"20254","1120072000","송정동","SC01","외식/카페","91","96","5"
"20254","1120072000","송정동","SC02","소매/유통","157","163","6"
"20254","1120072000","송정동","SC03","생활서비스","104","105","1"
"20254","1120072000","송정동","SC04","교육/의료/전문서비스","81","83","2"
"20254","1120072000","송정동","SC05","여가/오락/숙박","26","27","1"
"20254","1120079000","용답동","SC01","외식/카페","200","241","41"
"20254","1120079000","용답동","SC02","소매/유통","584","605","21"
"20254","1120079000","용답동","SC03","생활서비스","255","261","6"
"20254","1120079000","용답동","SC04","교육/의료/전문서비스","60","62","2"
"20254","1120079000","용답동","SC05","여가/오락/숙박","48","49","1"
"20254","1121571000","화양동","SC01","외식/카페","904","1120","216"
"20254","1121571000","화양동","SC02","소매/유통","464","540","76"
"20254","1121571000","화양동","SC03","생활서비스","390","407","17"
"20254","1121571000","화양동","SC04","교육/의료/전문서비스","140","145","5"
"20254","1121571000","화양동","SC05","여가/오락/숙박","253","261","8"
"20254","1121573000","군자동","SC01","외식/카페","379","477","98"
"20254","1121573000","군자동","SC02","소매/유통","408","442","34"
"20254","1121573000","군자동","SC03","생활서비스","274","282","8"
"20254","1121573000","군자동","SC04","교육/의료/전문서비스","123","129","6"
"20254","1121573000","군자동","SC05","여가/오락/숙박","94","95","1"
"20254","1121574000","중곡1동","SC01","외식/카페","304","329","25"
"20254","1121574000","중곡1동","SC02","소매/유통","456","486","30"
"20254","1121574000","중곡1동","SC03","생활서비스","242","246","4"
"20254","1121574000","중곡1동","SC04","교육/의료/전문서비스","99","101","2"
"20254","1121574000","중곡1동","SC05","여가/오락/숙박","76","76","0"
"20254","1121575000","중곡2동","SC01","외식/카페","245","293","48"
"20254","1121575000","중곡2동","SC02","소매/유통","363","385","22"
"20254","1121575000","중곡2동","SC03","생활서비스","305","311","6"
"20254","1121575000","중곡2동","SC04","교육/의료/전문서비스","156","162","6"
"20254","1121575000","중곡2동","SC05","여가/오락/숙박","90","92","2"
"20254","1121576000","중곡3동","SC01","외식/카페","204","251","47"
"20254","1121576000","중곡3동","SC02","소매/유통","248","275","27"
"20254","1121576000","중곡3동","SC03","생활서비스","213","221","8"
"20254","1121576000","중곡3동","SC04","교육/의료/전문서비스","59","60","1"
"20254","1121576000","중곡3동","SC05","여가/오락/숙박","59","59","0"
"20254","1121577000","중곡4동","SC01","외식/카페","214","254","40"
"20254","1121577000","중곡4동","SC02","소매/유통","387","415","28"
"20254","1121577000","중곡4동","SC03","생활서비스","208","214","6"
"20254","1121577000","중곡4동","SC04","교육/의료/전문서비스","104","110","6"
"20254","1121577000","중곡4동","SC05","여가/오락/숙박","69","71","2"
"20254","1121578000","능동","SC01","외식/카페","144","188","44"
"20254","1121578000","능동","SC02","소매/유통","198","222","24"
"20254","1121578000","능동","SC03","생활서비스","131","133","2"
"20254","1121578000","능동","SC04","교육/의료/전문서비스","80","83","3"
"20254","1121578000","능동","SC05","여가/오락/숙박","60","61","1"
"20254","1121581000","광장동","SC01","외식/카페","185","247","62"
"20254","1121581000","광장동","SC02","소매/유통","364","398","34"
"20254","1121581000","광장동","SC03","생활서비스","205","215","10"
"20254","1121581000","광장동","SC04","교육/의료/전문서비스","207","215","8"
"20254","1121581000","광장동","SC05","여가/오락/숙박","79","79","0"
"20254","1121582000","자양1동","SC01","외식/카페","276","346","70"
"20254","1121582000","자양1동","SC02","소매/유통","445","477","32"
"20254","1121582000","자양1동","SC03","생활서비스","290","297","7"
"20254","1121582000","자양1동","SC04","교육/의료/전문서비스","130","138","8"
"20254","1121582000","자양1동","SC05","여가/오락/숙박","89","92","3"
"20254","1121583000","자양2동","SC01","외식/카페","210","260","50"
"20254","1121583000","자양2동","SC02","소매/유통","389","412","23"
"20254","1121583000","자양2동","SC03","생활서비스","254","266","12"
"20254","1121583000","자양2동","SC04","교육/의료/전문서비스","120","131","11"
"20254","1121583000","자양2동","SC05","여가/오락/숙박","83","83","0"
"20254","1121584000","자양3동","SC01","외식/카페","185","267","82"
"20254","1121584000","자양3동","SC02","소매/유통","518","561","43"
"20254","1121584000","자양3동","SC03","생활서비스","230","240","10"
"20254","1121584000","자양3동","SC04","교육/의료/전문서비스","170","179","9"
"20254","1121584000","자양3동","SC05","여가/오락/숙박","84","86","2"
"20254","1121584700","자양4동","SC01","외식/카페","426","492","66"
"20254","1121584700","자양4동","SC02","소매/유통","501","534","33"
"20254","1121584700","자양4동","SC03","생활서비스","312","316","4"
"20254","1121584700","자양4동","SC04","교육/의료/전문서비스","117","118","1"
"20254","1121584700","자양4동","SC05","여가/오락/숙박","130","137","7"
"20254","1121585000","구의1동","SC01","외식/카페","392","477","85"
"20254","1121585000","구의1동","SC02","소매/유통","369","397","28"
"20254","1121585000","구의1동","SC03","생활서비스","299","304","5"
"20254","1121585000","구의1동","SC04","교육/의료/전문서비스","175","177","2"
"20254","1121585000","구의1동","SC05","여가/오락/숙박","150","151","1"
"20254","1121586000","구의2동","SC01","외식/카페","239","295","56"
"20254","1121586000","구의2동","SC02","소매/유통","302","332","30"
"20254","1121586000","구의2동","SC03","생활서비스","204","210","6"
"20254","1121586000","구의2동","SC04","교육/의료/전문서비스","124","127","3"
"20254","1121586000","구의2동","SC05","여가/오락/숙박","70","72","2"
"20254","1121587000","구의3동","SC01","외식/카페","281","392","111"
"20254","1121587000","구의3동","SC02","소매/유통","1197","1250","53"
"20254","1121587000","구의3동","SC03","생활서비스","293","311","18"
"20254","1121587000","구의3동","SC04","교육/의료/전문서비스","299","325","26"
"20254","1121587000","구의3동","SC05","여가/오락/숙박","163","166","3"
"20254","1123053600","용신동","SC01","외식/카페","563","685","122"
"20254","1123053600","용신동","SC02","소매/유통","1201","1257","56"
"20254","1123053600","용신동","SC03","생활서비스","452","468","16"
"20254","1123053600","용신동","SC04","교육/의료/전문서비스","209","211","2"
"20254","1123053600","용신동","SC05","여가/오락/숙박","193","198","5"
"20254","1123054500","제기동","SC01","외식/카페","558","588","30"
"20254","1123054500","제기동","SC02","소매/유통","2007","2038","31"
"20254","1123054500","제기동","SC03","생활서비스","248","252","4"
"20254","1123054500","제기동","SC04","교육/의료/전문서비스","159","162","3"
"20254","1123054500","제기동","SC05","여가/오락/숙박","82","82","0"
"20254","1123056000","전농1동","SC01","외식/카페","427","544","117"
"20254","1123056000","전농1동","SC02","소매/유통","834","891","57"
"20254","1123056000","전농1동","SC03","생활서비스","363","388","25"
"20254","1123056000","전농1동","SC04","교육/의료/전문서비스","190","203","13"
"20254","1123056000","전농1동","SC05","여가/오락/숙박","109","111","2"
"20254","1123057000","전농2동","SC01","외식/카페","115","149","34"
"20254","1123057000","전농2동","SC02","소매/유통","204","221","17"
"20254","1123057000","전농2동","SC03","생활서비스","114","122","8"
"20254","1123057000","전농2동","SC04","교육/의료/전문서비스","110","120","10"
"20254","1123057000","전농2동","SC05","여가/오락/숙박","47","49","2"
"20254","11230600","답십리1동","SC01","외식/카페","179","238","59"
"20254","11230600","답십리1동","SC02","소매/유통","422","452","30"
"20254","11230600","답십리1동","SC03","생활서비스","272","281","9"
"20254","11230600","답십리1동","SC04","교육/의료/전문서비스","170","185","15"
"20254","11230600","답십리1동","SC05","여가/오락/숙박","94","100","6"
"20254","1123061000","답십리2동","SC01","외식/카페","193","226","33"
"20254","1123061000","답십리2동","SC02","소매/유통","943","971","28"
"20254","1123061000","답십리2동","SC03","생활서비스","282","289","7"
"20254","1123061000","답십리2동","SC04","교육/의료/전문서비스","113","119","6"
"20254","1123061000","답십리2동","SC05","여가/오락/숙박","88","91","3"
"20254","1123065000","장안1동","SC01","외식/카페","539","663","124"
"20254","1123065000","장안1동","SC02","소매/유통","1142","1203","61"
"20254","1123065000","장안1동","SC03","생활서비스","568","585","17"
"20254","1123065000","장안1동","SC04","교육/의료/전문서비스","176","190","14"
"20254","1123065000","장안1동","SC05","여가/오락/숙박","150","153","3"
"20254","1123066000","장안2동","SC01","외식/카페","423","546","123"
"20254","1123066000","장안2동","SC02","소매/유통","726","785","59"
"20254","1123066000","장안2동","SC03","생활서비스","359","372","13"
"20254","1123066000","장안2동","SC04","교육/의료/전문서비스","291","323","32"
"20254","1123066000","장안2동","SC05","여가/오락/숙박","157","165","8"
"20254","1123070500","청량리동","SC01","외식/카페","285","327","42"
"20254","1123070500","청량리동","SC02","소매/유통","384","397","13"
"20254","1123070500","청량리동","SC03","생활서비스","198","205","7"
"20254","1123070500","청량리동","SC04","교육/의료/전문서비스","153","154","1"
"20254","1123070500","청량리동","SC05","여가/오락/숙박","79","80","1"
"20254","1123071000","회기동","SC01","외식/카페","445","533","88"
"20254","1123071000","회기동","SC02","소매/유통","188","219","31"
"20254","1123071000","회기동","SC03","생활서비스","130","135","5"
"20254","1123071000","회기동","SC04","교육/의료/전문서비스","47","51","4"
"20254","1123071000","회기동","SC05","여가/오락/숙박","91","94","3"
"20254","1123072000","휘경1동","SC01","외식/카페","146","193","47"
"20254","1123072000","휘경1동","SC02","소매/유통","224","251","27"
"20254","1123072000","휘경1동","SC03","생활서비스","147","151","4"
"20254","1123072000","휘경1동","SC04","교육/의료/전문서비스","68","72","4"
"20254","1123072000","휘경1동","SC05","여가/오락/숙박","69","69","0"
"20254","1123073000","휘경2동","SC01","외식/카페","142","173","31"
"20254","1123073000","휘경2동","SC02","소매/유통","160","187","27"
"20254","1123073000","휘경2동","SC03","생활서비스","152","155","3"
"20254","1123073000","휘경2동","SC04","교육/의료/전문서비스","78","82","4"
"20254","1123073000","휘경2동","SC05","여가/오락/숙박","26","28","2"
"20254","1123074000","이문1동","SC01","외식/카페","293","373","80"
"20254","1123074000","이문1동","SC02","소매/유통","209","250","41"
"20254","1123074000","이문1동","SC03","생활서비스","203","212","9"
"20254","1123074000","이문1동","SC04","교육/의료/전문서비스","126","135","9"
"20254","1123074000","이문1동","SC05","여가/오락/숙박","63","64","1"
"20254","1123075000","이문2동","SC01","외식/카페","84","102","18"
"20254","1123075000","이문2동","SC02","소매/유통","141","150","9"
"20254","1123075000","이문2동","SC03","생활서비스","111","112","1"
"20254","1123075000","이문2동","SC04","교육/의료/전문서비스","82","91","9"
"20254","1123075000","이문2동","SC05","여가/오락/숙박","31","31","0"
"20254","1126052000","면목2동","SC01","외식/카페","281","315","34"
"20254","1126052000","면목2동","SC02","소매/유통","382","409","27"
"20254","1126052000","면목2동","SC03","생활서비스","248","253","5"
"20254","1126052000","면목2동","SC04","교육/의료/전문서비스","84","89","5"
"20254","1126052000","면목2동","SC05","여가/오락/숙박","68","69","1"
"20254","1126054000","면목4동","SC01","외식/카페","107","125","18"
"20254","1126054000","면목4동","SC02","소매/유통","173","189","16"
"20254","1126054000","면목4동","SC03","생활서비스","152","153","1"
"20254","1126054000","면목4동","SC04","교육/의료/전문서비스","60","68","8"
"20254","1126054000","면목4동","SC05","여가/오락/숙박","33","33","0"
"20254","1126055000","면목5동","SC01","외식/카페","86","101","15"
"20254","1126055000","면목5동","SC02","소매/유통","144","157","13"
"20254","1126055000","면목5동","SC03","생활서비스","145","152","7"
"20254","1126055000","면목5동","SC04","교육/의료/전문서비스","28","35","7"
"20254","1126055000","면목5동","SC05","여가/오락/숙박","34","34","0"
"20254","1126056500","면목본동","SC01","외식/카페","376","451","75"
"20254","1126056500","면목본동","SC02","소매/유통","577","610","33"
"20254","1126056500","면목본동","SC03","생활서비스","344","353","9"
"20254","1126056500","면목본동","SC04","교육/의료/전문서비스","140","143","3"
"20254","1126056500","면목본동","SC05","여가/오락/숙박","109","110","1"
"20254","1126057000","면목7동","SC01","외식/카페","205","237","32"
"20254","1126057000","면목7동","SC02","소매/유통","318","342","24"
"20254","1126057000","면목7동","SC03","생활서비스","218","222","4"
"20254","1126057000","면목7동","SC04","교육/의료/전문서비스","111","114","3"
"20254","1126057000","면목7동","SC05","여가/오락/숙박","58","60","2"
"20254","1126057500","면목3?8동","SC01","외식/카페","364","446","82"
"20254","1126057500","면목3?8동","SC02","소매/유통","411","441","30"
"20254","1126057500","면목3?8동","SC03","생활서비스","285","291","6"
"20254","1126057500","면목3?8동","SC04","교육/의료/전문서비스","103","107","4"
"20254","1126057500","면목3?8동","SC05","여가/오락/숙박","125","127","2"
"20254","1126058000","상봉1동","SC01","외식/카페","145","197","52"
"20254","1126058000","상봉1동","SC02","소매/유통","379","409","30"
"20254","1126058000","상봉1동","SC03","생활서비스","163","172","9"
"20254","1126058000","상봉1동","SC04","교육/의료/전문서비스","96","100","4"
"20254","1126058000","상봉1동","SC05","여가/오락/숙박","42","46","4"
"20254","1126059000","상봉2동","SC01","외식/카페","505","620","115"
"20254","1126059000","상봉2동","SC02","소매/유통","449","491","42"
"20254","1126059000","상봉2동","SC03","생활서비스","323","334","11"
"20254","1126059000","상봉2동","SC04","교육/의료/전문서비스","120","121","1"
"20254","1126059000","상봉2동","SC05","여가/오락/숙박","225","229","4"
"20254","11260600","중화1동","SC01","외식/카페","83","100","17"
"20254","11260600","중화1동","SC02","소매/유통","229","252","23"
"20254","11260600","중화1동","SC03","생활서비스","176","180","4"
"20254","11260600","중화1동","SC04","교육/의료/전문서비스","92","97","5"
"20254","11260600","중화1동","SC05","여가/오락/숙박","24","24","0"
"20254","1126061000","중화2동","SC01","외식/카페","331","395","64"
"20254","1126061000","중화2동","SC02","소매/유통","447","475","28"
"20254","1126061000","중화2동","SC03","생활서비스","241","247","6"
"20254","1126061000","중화2동","SC04","교육/의료/전문서비스","89","90","1"
"20254","1126061000","중화2동","SC05","여가/오락/숙박","91","91","0"
"20254","1126062000","묵1동","SC01","외식/카페","204","271","67"
"20254","1126062000","묵1동","SC02","소매/유통","362","393","31"
"20254","1126062000","묵1동","SC03","생활서비스","247","255","8"
"20254","1126062000","묵1동","SC04","교육/의료/전문서비스","145","153","8"
"20254","1126062000","묵1동","SC05","여가/오락/숙박","82","82","0"
"20254","1126063000","묵2동","SC01","외식/카페","219","261","42"
"20254","1126063000","묵2동","SC02","소매/유통","306","324","18"
"20254","1126063000","묵2동","SC03","생활서비스","224","227","3"
"20254","1126063000","묵2동","SC04","교육/의료/전문서비스","76","77","1"
"20254","1126063000","묵2동","SC05","여가/오락/숙박","74","74","0"
"20254","1126065500","망우본동","SC01","외식/카페","477","609","132"
"20254","1126065500","망우본동","SC02","소매/유통","675","726","51"
"20254","1126065500","망우본동","SC03","생활서비스","393","413","20"
"20254","1126065500","망우본동","SC04","교육/의료/전문서비스","200","216","16"
"20254","1126065500","망우본동","SC05","여가/오락/숙박","166","172","6"
"20254","1126066000","망우3동","SC01","외식/카페","99","118","19"
"20254","1126066000","망우3동","SC02","소매/유통","189","205","16"
"20254","1126066000","망우3동","SC03","생활서비스","148","150","2"
"20254","1126066000","망우3동","SC04","교육/의료/전문서비스","48","49","1"
"20254","1126066000","망우3동","SC05","여가/오락/숙박","16","16","0"
"20254","1126068000","신내1동","SC01","외식/카페","244","338","94"
"20254","1126068000","신내1동","SC02","소매/유통","466","500","34"
"20254","1126068000","신내1동","SC03","생활서비스","248","258","10"
"20254","1126068000","신내1동","SC04","교육/의료/전문서비스","190","205","15"
"20254","1126068000","신내1동","SC05","여가/오락/숙박","82","88","6"
"20254","1126069000","신내2동","SC01","외식/카페","92","134","42"
"20254","1126069000","신내2동","SC02","소매/유통","269","286","17"
"20254","1126069000","신내2동","SC03","생활서비스","145","155","10"
"20254","1126069000","신내2동","SC04","교육/의료/전문서비스","134","148","14"
"20254","1126069000","신내2동","SC05","여가/오락/숙박","41","42","1"
"20254","1129052500","성북동","SC01","외식/카페","260","283","23"
"20254","1129052500","성북동","SC02","소매/유통","369","388","19"
"20254","1129052500","성북동","SC03","생활서비스","190","197","7"
"20254","1129052500","성북동","SC04","교육/의료/전문서비스","114","119","5"
"20254","1129052500","성북동","SC05","여가/오락/숙박","65","66","1"
"20254","1129055500","삼선동","SC01","외식/카페","449","520","71"
"20254","1129055500","삼선동","SC02","소매/유통","436","464","28"
"20254","1129055500","삼선동","SC03","생활서비스","237","241","4"
"20254","1129055500","삼선동","SC04","교육/의료/전문서비스","200","204","4"
"20254","1129055500","삼선동","SC05","여가/오락/숙박","114","117","3"
"20254","1129057500","동선동","SC01","외식/카페","561","719","158"
"20254","1129057500","동선동","SC02","소매/유통","416","462","46"
"20254","1129057500","동선동","SC03","생활서비스","360","379","19"
"20254","1129057500","동선동","SC04","교육/의료/전문서비스","211","216","5"
"20254","1129057500","동선동","SC05","여가/오락/숙박","162","169","7"
"20254","1129058000","돈암1동","SC01","외식/카페","30","40","10"
"20254","1129058000","돈암1동","SC02","소매/유통","109","116","7"
"20254","1129058000","돈암1동","SC03","생활서비스","67","67","0"
"20254","1129058000","돈암1동","SC04","교육/의료/전문서비스","126","129","3"
"20254","1129058000","돈암1동","SC05","여가/오락/숙박","11","12","1"
"20254","1129059000","돈암2동","SC01","외식/카페","43","57","14"
"20254","1129059000","돈암2동","SC02","소매/유통","166","176","10"
"20254","1129059000","돈암2동","SC03","생활서비스","92","96","4"
"20254","1129059000","돈암2동","SC04","교육/의료/전문서비스","113","127","14"
"20254","1129059000","돈암2동","SC05","여가/오락/숙박","23","23","0"
"20254","11290600","안암동","SC01","외식/카페","398","533","135"
"20254","11290600","안암동","SC02","소매/유통","289","348","59"
"20254","11290600","안암동","SC03","생활서비스","159","168","9"
"20254","11290600","안암동","SC04","교육/의료/전문서비스","54","62","8"
"20254","11290600","안암동","SC05","여가/오락/숙박","96","100","4"
"20254","1129061000","보문동","SC01","외식/카페","159","187","28"
"20254","1129061000","보문동","SC02","소매/유통","292","311","19"
"20254","1129061000","보문동","SC03","생활서비스","174","178","4"
"20254","1129061000","보문동","SC04","교육/의료/전문서비스","68","72","4"
"20254","1129061000","보문동","SC05","여가/오락/숙박","30","30","0"
"20254","1129062000","정릉1동","SC01","외식/카페","89","117","28"
"20254","1129062000","정릉1동","SC02","소매/유통","185","199","14"
"20254","1129062000","정릉1동","SC03","생활서비스","139","141","2"
"20254","1129062000","정릉1동","SC04","교육/의료/전문서비스","96","105","9"
"20254","1129062000","정릉1동","SC05","여가/오락/숙박","35","35","0"
"20254","1129063000","정릉2동","SC01","외식/카페","114","152","38"
"20254","1129063000","정릉2동","SC02","소매/유통","237","262","25"
"20254","1129063000","정릉2동","SC03","생활서비스","144","151","7"
"20254","1129063000","정릉2동","SC04","교육/의료/전문서비스","82","85","3"
"20254","1129063000","정릉2동","SC05","여가/오락/숙박","54","55","1"
"20254","1129064000","정릉3동","SC01","외식/카페","142","165","23"
"20254","1129064000","정릉3동","SC02","소매/유통","152","172","20"
"20254","1129064000","정릉3동","SC03","생활서비스","118","122","4"
"20254","1129064000","정릉3동","SC04","교육/의료/전문서비스","36","36","0"
"20254","1129064000","정릉3동","SC05","여가/오락/숙박","25","25","0"
"20254","1129065000","정릉4동","SC01","외식/카페","127","162","35"
"20254","1129065000","정릉4동","SC02","소매/유통","230","247","17"
"20254","1129065000","정릉4동","SC03","생활서비스","141","148","7"
"20254","1129065000","정릉4동","SC04","교육/의료/전문서비스","93","100","7"
"20254","1129065000","정릉4동","SC05","여가/오락/숙박","38","38","0"
"20254","1129066000","길음1동","SC01","외식/카페","105","177","72"
"20254","1129066000","길음1동","SC02","소매/유통","338","362","24"
"20254","1129066000","길음1동","SC03","생활서비스","169","180","11"
"20254","1129066000","길음1동","SC04","교육/의료/전문서비스","231","247","16"
"20254","1129066000","길음1동","SC05","여가/오락/숙박","66","68","2"
"20254","1129068500","길음2동","SC01","외식/카페","164","214","50"
"20254","1129068500","길음2동","SC02","소매/유통","517","543","26"
"20254","1129068500","길음2동","SC03","생활서비스","176","187","11"
"20254","1129068500","길음2동","SC04","교육/의료/전문서비스","155","171","16"
"20254","1129068500","길음2동","SC05","여가/오락/숙박","50","50","0"
"20254","1129070500","종암동","SC01","외식/카페","266","342","76"
"20254","1129070500","종암동","SC02","소매/유통","411","452","41"
"20254","1129070500","종암동","SC03","생활서비스","273","282","9"
"20254","1129070500","종암동","SC04","교육/의료/전문서비스","203","223","20"
"20254","1129070500","종암동","SC05","여가/오락/숙박","121","121","0"
"20254","1129071500","월곡1동","SC01","외식/카페","151","205","54"
"20254","1129071500","월곡1동","SC02","소매/유통","333","348","15"
"20254","1129071500","월곡1동","SC03","생활서비스","178","190","12"
"20254","1129071500","월곡1동","SC04","교육/의료/전문서비스","134","144","10"
"20254","1129071500","월곡1동","SC05","여가/오락/숙박","40","41","1"
"20254","1129072500","월곡2동","SC01","외식/카페","277","360","83"
"20254","1129072500","월곡2동","SC02","소매/유통","308","342","34"
"20254","1129072500","월곡2동","SC03","생활서비스","213","227","14"
"20254","1129072500","월곡2동","SC04","교육/의료/전문서비스","93","101","8"
"20254","1129072500","월곡2동","SC05","여가/오락/숙박","78","79","1"
"20254","1129076000","장위1동","SC01","외식/카페","139","169","30"
"20254","1129076000","장위1동","SC02","소매/유통","244","264","20"
"20254","1129076000","장위1동","SC03","생활서비스","175","176","1"
"20254","1129076000","장위1동","SC04","교육/의료/전문서비스","65","71","6"
"20254","1129076000","장위1동","SC05","여가/오락/숙박","33","36","3"
"20254","1129077000","장위2동","SC01","외식/카페","152","175","23"
"20254","1129077000","장위2동","SC02","소매/유통","261","276","15"
"20254","1129077000","장위2동","SC03","생활서비스","187","189","2"
"20254","1129077000","장위2동","SC04","교육/의료/전문서비스","37","41","4"
"20254","1129077000","장위2동","SC05","여가/오락/숙박","23","24","1"
"20254","1129078000","장위3동","SC01","외식/카페","49","79","30"
"20254","1129078000","장위3동","SC02","소매/유통","148","160","12"
"20254","1129078000","장위3동","SC03","생활서비스","122","125","3"
"20254","1129078000","장위3동","SC04","교육/의료/전문서비스","65","71","6"
"20254","1129078000","장위3동","SC05","여가/오락/숙박","16","17","1"
"20254","1129081000","석관동","SC01","외식/카페","336","425","89"
"20254","1129081000","석관동","SC02","소매/유통","446","479","33"
"20254","1129081000","석관동","SC03","생활서비스","299","309","10"
"20254","1129081000","석관동","SC04","교육/의료/전문서비스","120","129","9"
"20254","1129081000","석관동","SC05","여가/오락/숙박","85","89","4"
"20254","1130553400","삼양동","SC01","외식/카페","124","156","32"
"20254","1130553400","삼양동","SC02","소매/유통","195","215","20"
"20254","1130553400","삼양동","SC03","생활서비스","166","170","4"
"20254","1130553400","삼양동","SC04","교육/의료/전문서비스","107","116","9"
"20254","1130553400","삼양동","SC05","여가/오락/숙박","46","47","1"
"20254","1130553500","미아동","SC01","외식/카페","301","368","67"
"20254","1130553500","미아동","SC02","소매/유통","353","392","39"
"20254","1130553500","미아동","SC03","생활서비스","305","309","4"
"20254","1130553500","미아동","SC04","교육/의료/전문서비스","98","100","2"
"20254","1130553500","미아동","SC05","여가/오락/숙박","99","100","1"
"20254","1130554500","송중동","SC01","외식/카페","392","514","122"
"20254","1130554500","송중동","SC02","소매/유통","558","595","37"
"20254","1130554500","송중동","SC03","생활서비스","314","323","9"
"20254","1130554500","송중동","SC04","교육/의료/전문서비스","166","175","9"
"20254","1130554500","송중동","SC05","여가/오락/숙박","127","134","7"
"20254","1130555500","송천동","SC01","외식/카페","319","377","58"
"20254","1130555500","송천동","SC02","소매/유통","356","386","30"
"20254","1130555500","송천동","SC03","생활서비스","289","298","9"
"20254","1130555500","송천동","SC04","교육/의료/전문서비스","139","144","5"
"20254","1130555500","송천동","SC05","여가/오락/숙박","83","84","1"
"20254","1130557500","삼각산동","SC01","외식/카페","106","153","47"
"20254","1130557500","삼각산동","SC02","소매/유통","226","244","18"
"20254","1130557500","삼각산동","SC03","생활서비스","142","147","5"
"20254","1130557500","삼각산동","SC04","교육/의료/전문서비스","162","177","15"
"20254","1130557500","삼각산동","SC05","여가/오락/숙박","50","54","4"
"20254","1130559500","번1동","SC01","외식/카페","294","371","77"
"20254","1130559500","번1동","SC02","소매/유통","372","405","33"
"20254","1130559500","번1동","SC03","생활서비스","309","316","7"
"20254","1130559500","번1동","SC04","교육/의료/전문서비스","124","130","6"
"20254","1130559500","번1동","SC05","여가/오락/숙박","121","125","4"
"20254","1130560300","번2동","SC01","외식/카페","54","61","7"
"20254","1130560300","번2동","SC02","소매/유통","116","127","11"
"20254","1130560300","번2동","SC03","생활서비스","82","85","3"
"20254","1130560300","번2동","SC04","교육/의료/전문서비스","26","27","1"
"20254","1130560300","번2동","SC05","여가/오락/숙박","17","17","0"
"20254","1130560800","번3동","SC01","외식/카페","74","100","26"
"20254","1130560800","번3동","SC02","소매/유통","112","121","9"
"20254","1130560800","번3동","SC03","생활서비스","73","83","10"
"20254","1130560800","번3동","SC04","교육/의료/전문서비스","62","65","3"
"20254","1130560800","번3동","SC05","여가/오락/숙박","33","33","0"
"20254","1130561500","수유1동","SC01","외식/카페","230","265","35"
"20254","1130561500","수유1동","SC02","소매/유통","417","438","21"
"20254","1130561500","수유1동","SC03","생활서비스","200","205","5"
"20254","1130561500","수유1동","SC04","교육/의료/전문서비스","69","71","2"
"20254","1130561500","수유1동","SC05","여가/오락/숙박","73","73","0"
"20254","1130562500","수유2동","SC01","외식/카페","182","212","30"
"20254","1130562500","수유2동","SC02","소매/유통","291","308","17"
"20254","1130562500","수유2동","SC03","생활서비스","209","214","5"
"20254","1130562500","수유2동","SC04","교육/의료/전문서비스","85","94","9"
"20254","1130562500","수유2동","SC05","여가/오락/숙박","65","67","2"
"20254","1130563500","수유3동","SC01","외식/카페","685","834","149"
"20254","1130563500","수유3동","SC02","소매/유통","492","539","47"
"20254","1130563500","수유3동","SC03","생활서비스","393","405","12"
"20254","1130563500","수유3동","SC04","교육/의료/전문서비스","134","136","2"
"20254","1130563500","수유3동","SC05","여가/오락/숙박","252","259","7"
"20254","1130564500","우이동","SC01","외식/카페","297","331","34"
"20254","1130564500","우이동","SC02","소매/유통","247","273","26"
"20254","1130564500","우이동","SC03","생활서비스","114","115","1"
"20254","1130564500","우이동","SC04","교육/의료/전문서비스","40","40","0"
"20254","1130564500","우이동","SC05","여가/오락/숙박","51","51","0"
"20254","1130566000","인수동","SC01","외식/카페","225","256","31"
"20254","1130566000","인수동","SC02","소매/유통","331","366","35"
"20254","1130566000","인수동","SC03","생활서비스","212","218","6"
"20254","1130566000","인수동","SC04","교육/의료/전문서비스","91","96","5"
"20254","1130566000","인수동","SC05","여가/오락/숙박","65","66","1"
"20254","1132051100","창1동","SC01","외식/카페","161","199","38"
"20254","1132051100","창1동","SC02","소매/유통","207","234","27"
"20254","1132051100","창1동","SC03","생활서비스","190","193","3"
"20254","1132051100","창1동","SC04","교육/의료/전문서비스","98","103","5"
"20254","1132051100","창1동","SC05","여가/오락/숙박","57","58","1"
"20254","1132051200","창2동","SC01","외식/카페","161","183","22"
"20254","1132051200","창2동","SC02","소매/유통","332","352","20"
"20254","1132051200","창2동","SC03","생활서비스","206","217","11"
"20254","1132051200","창2동","SC04","교육/의료/전문서비스","90","97","7"
"20254","1132051200","창2동","SC05","여가/오락/숙박","52","52","0"
"20254","1132051300","창3동","SC01","외식/카페","152","182","30"
"20254","1132051300","창3동","SC02","소매/유통","210","225","15"
"20254","1132051300","창3동","SC03","생활서비스","138","140","2"
"20254","1132051300","창3동","SC04","교육/의료/전문서비스","39","39","0"
"20254","1132051300","창3동","SC05","여가/오락/숙박","25","25","0"
"20254","1132051400","창4동","SC01","외식/카페","171","238","67"
"20254","1132051400","창4동","SC02","소매/유통","341","368","27"
"20254","1132051400","창4동","SC03","생활서비스","161","168","7"
"20254","1132051400","창4동","SC04","교육/의료/전문서비스","211","222","11"
"20254","1132051400","창4동","SC05","여가/오락/숙박","65","68","3"
"20254","1132051500","창5동","SC01","외식/카페","219","294","75"
"20254","1132051500","창5동","SC02","소매/유통","1176","1212","36"
"20254","1132051500","창5동","SC03","생활서비스","207","220","13"
"20254","1132051500","창5동","SC04","교육/의료/전문서비스","192","207","15"
"20254","1132051500","창5동","SC05","여가/오락/숙박","94","99","5"
"20254","1132052100","도봉1동","SC01","외식/카페","329","386","57"
"20254","1132052100","도봉1동","SC02","소매/유통","354","383","29"
"20254","1132052100","도봉1동","SC03","생활서비스","186","191","5"
"20254","1132052100","도봉1동","SC04","교육/의료/전문서비스","63","64","1"
"20254","1132052100","도봉1동","SC05","여가/오락/숙박","73","77","4"
"20254","1132052200","도봉2동","SC01","외식/카페","177","208","31"
"20254","1132052200","도봉2동","SC02","소매/유통","283","301","18"
"20254","1132052200","도봉2동","SC03","생활서비스","194","201","7"
"20254","1132052200","도봉2동","SC04","교육/의료/전문서비스","200","208","8"
"20254","1132052200","도봉2동","SC05","여가/오락/숙박","42","42","0"
"20254","1132066000","쌍문1동","SC01","외식/카페","116","137","21"
"20254","1132066000","쌍문1동","SC02","소매/유통","194","219","25"
"20254","1132066000","쌍문1동","SC03","생활서비스","103","108","5"
"20254","1132066000","쌍문1동","SC04","교육/의료/전문서비스","72","75","3"
"20254","1132066000","쌍문1동","SC05","여가/오락/숙박","30","30","0"
"20254","1132067000","쌍문2동","SC01","외식/카페","204","256","52"
"20254","1132067000","쌍문2동","SC02","소매/유통","286","309","23"
"20254","1132067000","쌍문2동","SC03","생활서비스","170","177","7"
"20254","1132067000","쌍문2동","SC04","교육/의료/전문서비스","143","149","6"
"20254","1132067000","쌍문2동","SC05","여가/오락/숙박","66","67","1"
"20254","1132068000","쌍문3동","SC01","외식/카페","150","191","41"
"20254","1132068000","쌍문3동","SC02","소매/유통","244","263","19"
"20254","1132068000","쌍문3동","SC03","생활서비스","186","193","7"
"20254","1132068000","쌍문3동","SC04","교육/의료/전문서비스","61","64","3"
"20254","1132068000","쌍문3동","SC05","여가/오락/숙박","45","46","1"
"20254","1132068100","쌍문4동","SC01","외식/카페","37","55","18"
"20254","1132068100","쌍문4동","SC02","소매/유통","118","132","14"
"20254","1132068100","쌍문4동","SC03","생활서비스","89","93","4"
"20254","1132068100","쌍문4동","SC04","교육/의료/전문서비스","139","151","12"
"20254","1132068100","쌍문4동","SC05","여가/오락/숙박","24","24","0"
"20254","1132069000","방학1동","SC01","외식/카페","389","507","118"
"20254","1132069000","방학1동","SC02","소매/유통","514","566","52"
"20254","1132069000","방학1동","SC03","생활서비스","330","347","17"
"20254","1132069000","방학1동","SC04","교육/의료/전문서비스","184","192","8"
"20254","1132069000","방학1동","SC05","여가/오락/숙박","163","166","3"
"20254","11320700","방학2동","SC01","외식/카페","143","164","21"
"20254","11320700","방학2동","SC02","소매/유통","317","339","22"
"20254","11320700","방학2동","SC03","생활서비스","160","162","2"
"20254","11320700","방학2동","SC04","교육/의료/전문서비스","56","56","0"
"20254","11320700","방학2동","SC05","여가/오락/숙박","28","28","0"
"20254","1132071000","방학3동","SC01","외식/카페","85","105","20"
"20254","1132071000","방학3동","SC02","소매/유통","165","183","18"
"20254","1132071000","방학3동","SC03","생활서비스","98","102","4"
"20254","1132071000","방학3동","SC04","교육/의료/전문서비스","107","118","11"
"20254","1132071000","방학3동","SC05","여가/오락/숙박","35","35","0"
"20254","1135056000","월계1동","SC01","외식/카페","243","340","97"
"20254","1135056000","월계1동","SC02","소매/유통","259","289","30"
"20254","1135056000","월계1동","SC03","생활서비스","184","189","5"
"20254","1135056000","월계1동","SC04","교육/의료/전문서비스","113","117","4"
"20254","1135056000","월계1동","SC05","여가/오락/숙박","106","109","3"
"20254","1135057000","월계2동","SC01","외식/카페","71","98","27"
"20254","1135057000","월계2동","SC02","소매/유통","187","205","18"
"20254","1135057000","월계2동","SC03","생활서비스","107","111","4"
"20254","1135057000","월계2동","SC04","교육/의료/전문서비스","65","67","2"
"20254","1135057000","월계2동","SC05","여가/오락/숙박","29","29","0"
"20254","1135058000","월계3동","SC01","외식/카페","86","125","39"
"20254","1135058000","월계3동","SC02","소매/유통","238","261","23"
"20254","1135058000","월계3동","SC03","생활서비스","122","131","9"
"20254","1135058000","월계3동","SC04","교육/의료/전문서비스","95","105","10"
"20254","1135058000","월계3동","SC05","여가/오락/숙박","39","39","0"
"20254","1135059500","공릉1동","SC01","외식/카페","549","685","136"
"20254","1135059500","공릉1동","SC02","소매/유통","696","753","57"
"20254","1135059500","공릉1동","SC03","생활서비스","425","443","18"
"20254","1135059500","공릉1동","SC04","교육/의료/전문서비스","238","251","13"
"20254","1135059500","공릉1동","SC05","여가/오락/숙박","141","147","6"
"20254","11350600","공릉2동","SC01","외식/카페","347","482","135"
"20254","11350600","공릉2동","SC02","소매/유통","353","394","41"
"20254","11350600","공릉2동","SC03","생활서비스","245","257","12"
"20254","11350600","공릉2동","SC04","교육/의료/전문서비스","228","243","15"
"20254","11350600","공릉2동","SC05","여가/오락/숙박","114","118","4"
"20254","1135061100","하계1동","SC01","외식/카페","140","197","57"
"20254","1135061100","하계1동","SC02","소매/유통","294","319","25"
"20254","1135061100","하계1동","SC03","생활서비스","123","133","10"
"20254","1135061100","하계1동","SC04","교육/의료/전문서비스","100","107","7"
"20254","1135061100","하계1동","SC05","여가/오락/숙박","48","49","1"
"20254","1135061200","하계2동","SC01","외식/카페","27","34","7"
"20254","1135061200","하계2동","SC02","소매/유통","111","121","10"
"20254","1135061200","하계2동","SC03","생활서비스","62","67","5"
"20254","1135061200","하계2동","SC04","교육/의료/전문서비스","65","72","7"
"20254","1135061200","하계2동","SC05","여가/오락/숙박","15","15","0"
"20254","1135061900","중계본동","SC01","외식/카페","153","206","53"
"20254","1135061900","중계본동","SC02","소매/유통","219","236","17"
"20254","1135061900","중계본동","SC03","생활서비스","137","143","6"
"20254","1135061900","중계본동","SC04","교육/의료/전문서비스","509","534","25"
"20254","1135061900","중계본동","SC05","여가/오락/숙박","76","79","3"
"20254","1135062100","중계1동","SC01","외식/카페","78","151","73"
"20254","1135062100","중계1동","SC02","소매/유통","179","209","30"
"20254","1135062100","중계1동","SC03","생활서비스","125","137","12"
"20254","1135062100","중계1동","SC04","교육/의료/전문서비스","398","428","30"
"20254","1135062100","중계1동","SC05","여가/오락/숙박","44","47","3"
"20254","1135062400","중계4동","SC01","외식/카페","205","262","57"
"20254","1135062400","중계4동","SC02","소매/유통","235","252","17"
"20254","1135062400","중계4동","SC03","생활서비스","133","138","5"
"20254","1135062400","중계4동","SC04","교육/의료/전문서비스","125","134","9"
"20254","1135062400","중계4동","SC05","여가/오락/숙박","99","105","6"
"20254","1135062500","중계2?3동","SC01","외식/카페","100","160","60"
"20254","1135062500","중계2?3동","SC02","소매/유통","553","587","34"
"20254","1135062500","중계2?3동","SC03","생활서비스","160","171","11"
"20254","1135062500","중계2?3동","SC04","교육/의료/전문서비스","159","172","13"
"20254","1135062500","중계2?3동","SC05","여가/오락/숙박","47","48","1"
"20254","1135063000","상계1동","SC01","외식/카페","292","386","94"
"20254","1135063000","상계1동","SC02","소매/유통","414","460","46"
"20254","1135063000","상계1동","SC03","생활서비스","291","298","7"
"20254","1135063000","상계1동","SC04","교육/의료/전문서비스","183","192","9"
"20254","1135063000","상계1동","SC05","여가/오락/숙박","132","135","3"
"20254","1135064000","상계2동","SC01","외식/카페","599","779","180"
"20254","1135064000","상계2동","SC02","소매/유통","985","1026","41"
"20254","1135064000","상계2동","SC03","생활서비스","392","407","15"
"20254","1135064000","상계2동","SC04","교육/의료/전문서비스","237","243","6"
"20254","1135064000","상계2동","SC05","여가/오락/숙박","170","187","17"
"20254","1135066500","상계3?4동","SC01","외식/카페","179","199","20"
"20254","1135066500","상계3?4동","SC02","소매/유통","312","330","18"
"20254","1135066500","상계3?4동","SC03","생활서비스","187","192","5"
"20254","1135066500","상계3?4동","SC04","교육/의료/전문서비스","96","99","3"
"20254","1135066500","상계3?4동","SC05","여가/오락/숙박","66","66","0"
"20254","1135067000","상계5동","SC01","외식/카페","252","302","50"
"20254","1135067000","상계5동","SC02","소매/유통","416","434","18"
"20254","1135067000","상계5동","SC03","생활서비스","288","293","5"
"20254","1135067000","상계5동","SC04","교육/의료/전문서비스","126","128","2"
"20254","1135067000","상계5동","SC05","여가/오락/숙박","85","85","0"
"20254","1135069500","상계6?7동","SC01","외식/카페","236","327","91"
"20254","1135069500","상계6?7동","SC02","소매/유통","405","457","52"
"20254","1135069500","상계6?7동","SC03","생활서비스","287","307","20"
"20254","1135069500","상계6?7동","SC04","교육/의료/전문서비스","392","413","21"
"20254","1135069500","상계6?7동","SC05","여가/오락/숙박","112","116","4"
"20254","11350700","상계8동","SC01","외식/카페","38","57","19"
"20254","11350700","상계8동","SC02","소매/유통","122","132","10"
"20254","11350700","상계8동","SC03","생활서비스","70","73","3"
"20254","11350700","상계8동","SC04","교육/의료/전문서비스","116","123","7"
"20254","11350700","상계8동","SC05","여가/오락/숙박","27","31","4"
"20254","1135071000","상계9동","SC01","외식/카페","49","64","15"
"20254","1135071000","상계9동","SC02","소매/유통","146","161","15"
"20254","1135071000","상계9동","SC03","생활서비스","86","91","5"
"20254","1135071000","상계9동","SC04","교육/의료/전문서비스","125","132","7"
"20254","1135071000","상계9동","SC05","여가/오락/숙박","22","24","2"
"20254","1135072000","상계10동","SC01","외식/카페","27","46","19"
"20254","1135072000","상계10동","SC02","소매/유통","107","115","8"
"20254","1135072000","상계10동","SC03","생활서비스","97","103","6"
"20254","1135072000","상계10동","SC04","교육/의료/전문서비스","97","100","3"
"20254","1135072000","상계10동","SC05","여가/오락/숙박","21","21","0"
"20254","1138051000","녹번동","SC01","외식/카페","282","342","60"
"20254","1138051000","녹번동","SC02","소매/유통","356","395","39"
"20254","1138051000","녹번동","SC03","생활서비스","322","337","15"
"20254","1138051000","녹번동","SC04","교육/의료/전문서비스","170","180","10"
"20254","1138051000","녹번동","SC05","여가/오락/숙박","110","114","4"
"20254","1138052000","불광1동","SC01","외식/카페","223","299","76"
"20254","1138052000","불광1동","SC02","소매/유통","369","405","36"
"20254","1138052000","불광1동","SC03","생활서비스","274","284","10"
"20254","1138052000","불광1동","SC04","교육/의료/전문서비스","207","214","7"
"20254","1138052000","불광1동","SC05","여가/오락/숙박","78","79","1"
"20254","1138053000","불광2동","SC01","외식/카페","231","255","24"
"20254","1138053000","불광2동","SC02","소매/유통","370","394","24"
"20254","1138053000","불광2동","SC03","생활서비스","249","258","9"
"20254","1138053000","불광2동","SC04","교육/의료/전문서비스","106","111","5"
"20254","1138053000","불광2동","SC05","여가/오락/숙박","54","55","1"
"20254","1138055100","갈현1동","SC01","외식/카페","352","418","66"
"20254","1138055100","갈현1동","SC02","소매/유통","266","293","27"
"20254","1138055100","갈현1동","SC03","생활서비스","234","239","5"
"20254","1138055100","갈현1동","SC04","교육/의료/전문서비스","111","115","4"
"20254","1138055100","갈현1동","SC05","여가/오락/숙박","111","114","3"
"20254","1138055200","갈현2동","SC01","외식/카페","313","386","73"
"20254","1138055200","갈현2동","SC02","소매/유통","393","428","35"
"20254","1138055200","갈현2동","SC03","생활서비스","274","282","8"
"20254","1138055200","갈현2동","SC04","교육/의료/전문서비스","193","209","16"
"20254","1138055200","갈현2동","SC05","여가/오락/숙박","92","93","1"
"20254","1138056000","구산동","SC01","외식/카페","123","156","33"
"20254","1138056000","구산동","SC02","소매/유통","253","279","26"
"20254","1138056000","구산동","SC03","생활서비스","227","233","6"
"20254","1138056000","구산동","SC04","교육/의료/전문서비스","152","155","3"
"20254","1138056000","구산동","SC05","여가/오락/숙박","32","33","1"
"20254","1138057000","대조동","SC01","외식/카페","475","577","102"
"20254","1138057000","대조동","SC02","소매/유통","828","884","56"
"20254","1138057000","대조동","SC03","생활서비스","388","406","18"
"20254","1138057000","대조동","SC04","교육/의료/전문서비스","227","235","8"
"20254","1138057000","대조동","SC05","여가/오락/숙박","147","148","1"
"20254","1138058000","응암1동","SC01","외식/카페","244","344","100"
"20254","1138058000","응암1동","SC02","소매/유통","434","485","51"
"20254","1138058000","응암1동","SC03","생활서비스","295","308","13"
"20254","1138058000","응암1동","SC04","교육/의료/전문서비스","236","251","15"
"20254","1138058000","응암1동","SC05","여가/오락/숙박","117","120","3"
"20254","1138059000","응암2동","SC01","외식/카페","112","133","21"
"20254","1138059000","응암2동","SC02","소매/유통","176","192","16"
"20254","1138059000","응암2동","SC03","생활서비스","173","175","2"
"20254","1138059000","응암2동","SC04","교육/의료/전문서비스","96","110","14"
"20254","1138059000","응암2동","SC05","여가/오락/숙박","40","40","0"
"20254","11380600","응암3동","SC01","외식/카페","426","491","65"
"20254","11380600","응암3동","SC02","소매/유통","471","501","30"
"20254","11380600","응암3동","SC03","생활서비스","274","281","7"
"20254","11380600","응암3동","SC04","교육/의료/전문서비스","117","121","4"
"20254","11380600","응암3동","SC05","여가/오락/숙박","108","111","3"
"20254","1138062500","역촌동","SC01","외식/카페","441","547","106"
"20254","1138062500","역촌동","SC02","소매/유통","537","585","48"
"20254","1138062500","역촌동","SC03","생활서비스","456","471","15"
"20254","1138062500","역촌동","SC04","교육/의료/전문서비스","219","234","15"
"20254","1138062500","역촌동","SC05","여가/오락/숙박","132","135","3"
"20254","1138063100","신사1동","SC01","외식/카페","169","212","43"
"20254","1138063100","신사1동","SC02","소매/유통","311","340","29"
"20254","1138063100","신사1동","SC03","생활서비스","252","262","10"
"20254","1138063100","신사1동","SC04","교육/의료/전문서비스","104","110","6"
"20254","1138063100","신사1동","SC05","여가/오락/숙박","61","63","2"
"20254","1138063200","신사2동","SC01","외식/카페","79","100","21"
"20254","1138063200","신사2동","SC02","소매/유통","184","199","15"
"20254","1138063200","신사2동","SC03","생활서비스","138","141","3"
"20254","1138063200","신사2동","SC04","교육/의료/전문서비스","92","93","1"
"20254","1138063200","신사2동","SC05","여가/오락/숙박","25","25","0"
"20254","1138064000","증산동","SC01","외식/카페","119","140","21"
"20254","1138064000","증산동","SC02","소매/유통","201","216","15"
"20254","1138064000","증산동","SC03","생활서비스","158","163","5"
"20254","1138064000","증산동","SC04","교육/의료/전문서비스","89","99","10"
"20254","1138064000","증산동","SC05","여가/오락/숙박","28","28","0"
"20254","1138065000","수색동","SC01","외식/카페","87","109","22"
"20254","1138065000","수색동","SC02","소매/유통","167","179","12"
"20254","1138065000","수색동","SC03","생활서비스","123","129","6"
"20254","1138065000","수색동","SC04","교육/의료/전문서비스","48","58","10"
"20254","1138065000","수색동","SC05","여가/오락/숙박","26","26","0"
"20254","1138069000","진관동","SC01","외식/카페","305","453","148"
"20254","1138069000","진관동","SC02","소매/유통","689","767","78"
"20254","1138069000","진관동","SC03","생활서비스","330","353","23"
"20254","1138069000","진관동","SC04","교육/의료/전문서비스","357","391","34"
"20254","1138069000","진관동","SC05","여가/오락/숙박","138","141","3"
"20254","1141052000","천연동","SC01","외식/카페","159","198","39"
"20254","1141052000","천연동","SC02","소매/유통","196","207","11"
"20254","1141052000","천연동","SC03","생활서비스","95","98","3"
"20254","1141052000","천연동","SC04","교육/의료/전문서비스","85","88","3"
"20254","1141052000","천연동","SC05","여가/오락/숙박","38","38","0"
"20254","1141055500","북아현동","SC01","외식/카페","103","136","33"
"20254","1141055500","북아현동","SC02","소매/유통","233","253","20"
"20254","1141055500","북아현동","SC03","생활서비스","145","151","6"
"20254","1141055500","북아현동","SC04","교육/의료/전문서비스","80","88","8"
"20254","1141055500","북아현동","SC05","여가/오락/숙박","32","33","1"
"20254","1141056500","충현동","SC01","외식/카페","380","448","68"
"20254","1141056500","충현동","SC02","소매/유통","278","313","35"
"20254","1141056500","충현동","SC03","생활서비스","187","191","4"
"20254","1141056500","충현동","SC04","교육/의료/전문서비스","88","93","5"
"20254","1141056500","충현동","SC05","여가/오락/숙박","137","139","2"
"20254","1141058500","신촌동","SC01","외식/카페","1174","1460","286"
"20254","1141058500","신촌동","SC02","소매/유통","976","1135","159"
"20254","1141058500","신촌동","SC03","생활서비스","528","551","23"
"20254","1141058500","신촌동","SC04","교육/의료/전문서비스","234","247","13"
"20254","1141058500","신촌동","SC05","여가/오락/숙박","339","354","15"
"20254","1141061500","연희동","SC01","외식/카페","529","589","60"
"20254","1141061500","연희동","SC02","소매/유통","626","671","45"
"20254","1141061500","연희동","SC03","생활서비스","399","415","16"
"20254","1141061500","연희동","SC04","교육/의료/전문서비스","178","185","7"
"20254","1141061500","연희동","SC05","여가/오락/숙박","135","135","0"
"20254","1141062000","홍제1동","SC01","외식/카페","155","194","39"
"20254","1141062000","홍제1동","SC02","소매/유통","196","228","32"
"20254","1141062000","홍제1동","SC03","생활서비스","128","136","8"
"20254","1141062000","홍제1동","SC04","교육/의료/전문서비스","137","142","5"
"20254","1141062000","홍제1동","SC05","여가/오락/숙박","63","65","2"
"20254","1141064000","홍제3동","SC01","외식/카페","220","260","40"
"20254","1141064000","홍제3동","SC02","소매/유통","279","293","14"
"20254","1141064000","홍제3동","SC03","생활서비스","135","140","5"
"20254","1141064000","홍제3동","SC04","교육/의료/전문서비스","110","119","9"
"20254","1141064000","홍제3동","SC05","여가/오락/숙박","48","49","1"
"20254","1141065500","홍제2동","SC01","외식/카페","61","83","22"
"20254","1141065500","홍제2동","SC02","소매/유통","130","142","12"
"20254","1141065500","홍제2동","SC03","생활서비스","91","96","5"
"20254","1141065500","홍제2동","SC04","교육/의료/전문서비스","79","81","2"
"20254","1141065500","홍제2동","SC05","여가/오락/숙박","37","38","1"
"20254","1141066000","홍은1동","SC01","외식/카페","126","156","30"
"20254","1141066000","홍은1동","SC02","소매/유통","257","273","16"
"20254","1141066000","홍은1동","SC03","생활서비스","142","144","2"
"20254","1141066000","홍은1동","SC04","교육/의료/전문서비스","90","96","6"
"20254","1141066000","홍은1동","SC05","여가/오락/숙박","37","38","1"
"20254","1141068500","홍은2동","SC01","외식/카페","186","234","48"
"20254","1141068500","홍은2동","SC02","소매/유통","245","273","28"
"20254","1141068500","홍은2동","SC03","생활서비스","169","175","6"
"20254","1141068500","홍은2동","SC04","교육/의료/전문서비스","119","127","8"
"20254","1141068500","홍은2동","SC05","여가/오락/숙박","66","69","3"
"20254","1141069000","남가좌1동","SC01","외식/카페","115","161","46"
"20254","1141069000","남가좌1동","SC02","소매/유통","194","205","11"
"20254","1141069000","남가좌1동","SC03","생활서비스","102","107","5"
"20254","1141069000","남가좌1동","SC04","교육/의료/전문서비스","99","106","7"
"20254","1141069000","남가좌1동","SC05","여가/오락/숙박","47","47","0"
"20254","11410700","남가좌2동","SC01","외식/카페","281","368","87"
"20254","11410700","남가좌2동","SC02","소매/유통","327","366","39"
"20254","11410700","남가좌2동","SC03","생활서비스","221","237","16"
"20254","11410700","남가좌2동","SC04","교육/의료/전문서비스","172","181","9"
"20254","11410700","남가좌2동","SC05","여가/오락/숙박","85","89","4"
"20254","1141071000","북가좌1동","SC01","외식/카페","55","85","30"
"20254","1141071000","북가좌1동","SC02","소매/유통","137","151","14"
"20254","1141071000","북가좌1동","SC03","생활서비스","97","100","3"
"20254","1141071000","북가좌1동","SC04","교육/의료/전문서비스","86","92","6"
"20254","1141071000","북가좌1동","SC05","여가/오락/숙박","19","19","0"
"20254","1141072000","북가좌2동","SC01","외식/카페","253","316","63"
"20254","1141072000","북가좌2동","SC02","소매/유통","281","313","32"
"20254","1141072000","북가좌2동","SC03","생활서비스","271","276","5"
"20254","1141072000","북가좌2동","SC04","교육/의료/전문서비스","163","177","14"
"20254","1141072000","북가좌2동","SC05","여가/오락/숙박","84","85","1"
"20254","1144055500","아현동","SC01","외식/카페","228","298","70"
"20254","1144055500","아현동","SC02","소매/유통","374","407","33"
"20254","1144055500","아현동","SC03","생활서비스","273","284","11"
"20254","1144055500","아현동","SC04","교육/의료/전문서비스","259","266","7"
"20254","1144055500","아현동","SC05","여가/오락/숙박","141","149","8"
"20254","1144056500","공덕동","SC01","외식/카페","446","533","87"
"20254","1144056500","공덕동","SC02","소매/유통","510","543","33"
"20254","1144056500","공덕동","SC03","생활서비스","361","373","12"
"20254","1144056500","공덕동","SC04","교육/의료/전문서비스","299","312","13"
"20254","1144056500","공덕동","SC05","여가/오락/숙박","147","147","0"
"20254","1144058500","도화동","SC01","외식/카페","359","451","92"
"20254","1144058500","도화동","SC02","소매/유통","420","452","32"
"20254","1144058500","도화동","SC03","생활서비스","221","234","13"
"20254","1144058500","도화동","SC04","교육/의료/전문서비스","208","217","9"
"20254","1144058500","도화동","SC05","여가/오락/숙박","144","147","3"
"20254","1144059000","용강동","SC01","외식/카페","360","459","99"
"20254","1144059000","용강동","SC02","소매/유통","489","525","36"
"20254","1144059000","용강동","SC03","생활서비스","276","285","9"
"20254","1144059000","용강동","SC04","교육/의료/전문서비스","255","270","15"
"20254","1144059000","용강동","SC05","여가/오락/숙박","206","208","2"
"20254","11440600","대흥동","SC01","외식/카페","337","408","71"
"20254","11440600","대흥동","SC02","소매/유통","289","330","41"
"20254","11440600","대흥동","SC03","생활서비스","296","307","11"
"20254","11440600","대흥동","SC04","교육/의료/전문서비스","264","277","13"
"20254","11440600","대흥동","SC05","여가/오락/숙박","110","111","1"
"20254","1144061000","염리동","SC01","외식/카페","202","252","50"
"20254","1144061000","염리동","SC02","소매/유통","168","185","17"
"20254","1144061000","염리동","SC03","생활서비스","134","141","7"
"20254","1144061000","염리동","SC04","교육/의료/전문서비스","115","122","7"
"20254","1144061000","염리동","SC05","여가/오락/숙박","43","45","2"
"20254","1144063000","신수동","SC01","외식/카페","184","225","41"
"20254","1144063000","신수동","SC02","소매/유통","365","383","18"
"20254","1144063000","신수동","SC03","생활서비스","210","215","5"
"20254","1144063000","신수동","SC04","교육/의료/전문서비스","172","179","7"
"20254","1144063000","신수동","SC05","여가/오락/숙박","78","78","0"
"20254","1144065500","서강동","SC01","외식/카페","472","553","81"
"20254","1144065500","서강동","SC02","소매/유통","464","497","33"
"20254","1144065500","서강동","SC03","생활서비스","358","377","19"
"20254","1144065500","서강동","SC04","교육/의료/전문서비스","157","162","5"
"20254","1144065500","서강동","SC05","여가/오락/숙박","136","137","1"
"20254","1144066000","서교동","SC01","외식/카페","2684","3108","424"
"20254","1144066000","서교동","SC02","소매/유통","2332","2531","199"
"20254","1144066000","서교동","SC03","생활서비스","1408","1460","52"
"20254","1144066000","서교동","SC04","교육/의료/전문서비스","779","794","15"
"20254","1144066000","서교동","SC05","여가/오락/숙박","898","927","29"
"20254","1144068000","합정동","SC01","외식/카페","627","713","86"
"20254","1144068000","합정동","SC02","소매/유통","578","608","30"
"20254","1144068000","합정동","SC03","생활서비스","406","415","9"
"20254","1144068000","합정동","SC04","교육/의료/전문서비스","150","154","4"
"20254","1144068000","합정동","SC05","여가/오락/숙박","178","184","6"
"20254","1144069000","망원1동","SC01","외식/카페","602","660","58"
"20254","1144069000","망원1동","SC02","소매/유통","554","588","34"
"20254","1144069000","망원1동","SC03","생활서비스","311","318","7"
"20254","1144069000","망원1동","SC04","교육/의료/전문서비스","128","132","4"
"20254","1144069000","망원1동","SC05","여가/오락/숙박","120","124","4"
"20254","11440700","망원2동","SC01","외식/카페","261","311","50"
"20254","11440700","망원2동","SC02","소매/유통","382","404","22"
"20254","11440700","망원2동","SC03","생활서비스","276","280","4"
"20254","11440700","망원2동","SC04","교육/의료/전문서비스","114","122","8"
"20254","11440700","망원2동","SC05","여가/오락/숙박","77","77","0"
"20254","1144071000","연남동","SC01","외식/카페","1006","1059","53"
"20254","1144071000","연남동","SC02","소매/유통","512","537","25"
"20254","1144071000","연남동","SC03","생활서비스","408","414","6"
"20254","1144071000","연남동","SC04","교육/의료/전문서비스","113","113","0"
"20254","1144071000","연남동","SC05","여가/오락/숙박","272","274","2"
"20254","1144072000","성산1동","SC01","외식/카페","238","273","35"
"20254","1144072000","성산1동","SC02","소매/유통","405","429","24"
"20254","1144072000","성산1동","SC03","생활서비스","225","231","6"
"20254","1144072000","성산1동","SC04","교육/의료/전문서비스","110","116","6"
"20254","1144072000","성산1동","SC05","여가/오락/숙박","111","111","0"
"20254","1144073000","성산2동","SC01","외식/카페","237","311","74"
"20254","1144073000","성산2동","SC02","소매/유통","588","635","47"
"20254","1144073000","성산2동","SC03","생활서비스","276","287","11"
"20254","1144073000","성산2동","SC04","교육/의료/전문서비스","196","205","9"
"20254","1144073000","성산2동","SC05","여가/오락/숙박","98","99","1"
"20254","1144074000","상암동","SC01","외식/카페","677","890","213"
"20254","1144074000","상암동","SC02","소매/유통","393","480","87"
"20254","1144074000","상암동","SC03","생활서비스","246","260","14"
"20254","1144074000","상암동","SC04","교육/의료/전문서비스","241","258","17"
"20254","1144074000","상암동","SC05","여가/오락/숙박","163","167","4"
"20254","1147051000","목1동","SC01","외식/카페","485","660","175"
"20254","1147051000","목1동","SC02","소매/유통","1128","1204","76"
"20254","1147051000","목1동","SC03","생활서비스","264","300","36"
"20254","1147051000","목1동","SC04","교육/의료/전문서비스","496","526","30"
"20254","1147051000","목1동","SC05","여가/오락/숙박","189","201","12"
"20254","1147052000","목2동","SC01","외식/카페","180","227","47"
"20254","1147052000","목2동","SC02","소매/유통","336","364","28"
"20254","1147052000","목2동","SC03","생활서비스","229","237","8"
"20254","1147052000","목2동","SC04","교육/의료/전문서비스","125","134","9"
"20254","1147052000","목2동","SC05","여가/오락/숙박","80","82","2"
"20254","1147053000","목3동","SC01","외식/카페","199","250","51"
"20254","1147053000","목3동","SC02","소매/유통","368","387","19"
"20254","1147053000","목3동","SC03","생활서비스","221","233","12"
"20254","1147053000","목3동","SC04","교육/의료/전문서비스","167","170","3"
"20254","1147053000","목3동","SC05","여가/오락/숙박","106","112","6"
"20254","1147054000","목4동","SC01","외식/카페","225","287","62"
"20254","1147054000","목4동","SC02","소매/유통","359","379","20"
"20254","1147054000","목4동","SC03","생활서비스","250","260","10"
"20254","1147054000","목4동","SC04","교육/의료/전문서비스","197","204","7"
"20254","1147054000","목4동","SC05","여가/오락/숙박","78","83","5"
"20254","1147055000","목5동","SC01","외식/카페","127","210","83"
"20254","1147055000","목5동","SC02","소매/유통","300","346","46"
"20254","1147055000","목5동","SC03","생활서비스","234","249","15"
"20254","1147055000","목5동","SC04","교육/의료/전문서비스","723","758","35"
"20254","1147055000","목5동","SC05","여가/오락/숙박","71","76","5"
"20254","1147056000","신월1동","SC01","외식/카페","265","302","37"
"20254","1147056000","신월1동","SC02","소매/유통","432","449","17"
"20254","1147056000","신월1동","SC03","생활서비스","210","216","6"
"20254","1147056000","신월1동","SC04","교육/의료/전문서비스","63","72","9"
"20254","1147056000","신월1동","SC05","여가/오락/숙박","61","64","3"
"20254","1147057000","신월2동","SC01","외식/카페","103","118","15"
"20254","1147057000","신월2동","SC02","소매/유통","230","240","10"
"20254","1147057000","신월2동","SC03","생활서비스","172","182","10"
"20254","1147057000","신월2동","SC04","교육/의료/전문서비스","90","99","9"
"20254","1147057000","신월2동","SC05","여가/오락/숙박","34","34","0"
"20254","1147058000","신월3동","SC01","외식/카페","88","110","22"
"20254","1147058000","신월3동","SC02","소매/유통","240","263","23"
"20254","1147058000","신월3동","SC03","생활서비스","96","101","5"
"20254","1147058000","신월3동","SC04","교육/의료/전문서비스","46","46","0"
"20254","1147058000","신월3동","SC05","여가/오락/숙박","24","24","0"
"20254","1147059000","신월4동","SC01","외식/카페","149","184","35"
"20254","1147059000","신월4동","SC02","소매/유통","208","225","17"
"20254","1147059000","신월4동","SC03","생활서비스","168","172","4"
"20254","1147059000","신월4동","SC04","교육/의료/전문서비스","83","92","9"
"20254","1147059000","신월4동","SC05","여가/오락/숙박","48","50","2"
"20254","11470600","신월5동","SC01","외식/카페","124","150","26"
"20254","11470600","신월5동","SC02","소매/유통","185","199","14"
"20254","11470600","신월5동","SC03","생활서비스","136","139","3"
"20254","11470600","신월5동","SC04","교육/의료/전문서비스","57","61","4"
"20254","11470600","신월5동","SC05","여가/오락/숙박","47","47","0"
"20254","1147061000","신월6동","SC01","외식/카페","90","118","28"
"20254","1147061000","신월6동","SC02","소매/유통","167","179","12"
"20254","1147061000","신월6동","SC03","생활서비스","121","126","5"
"20254","1147061000","신월6동","SC04","교육/의료/전문서비스","70","79","9"
"20254","1147061000","신월6동","SC05","여가/오락/숙박","38","38","0"
"20254","1147061100","신월7동","SC01","외식/카페","122","146","24"
"20254","1147061100","신월7동","SC02","소매/유통","236","251","15"
"20254","1147061100","신월7동","SC03","생활서비스","164","166","2"
"20254","1147061100","신월7동","SC04","교육/의료/전문서비스","69","70","1"
"20254","1147061100","신월7동","SC05","여가/오락/숙박","53","54","1"
"20254","1147062000","신정1동","SC01","외식/카페","211","266","55"
"20254","1147062000","신정1동","SC02","소매/유통","239","257","18"
"20254","1147062000","신정1동","SC03","생활서비스","197","204","7"
"20254","1147062000","신정1동","SC04","교육/의료/전문서비스","264","277","13"
"20254","1147062000","신정1동","SC05","여가/오락/숙박","88","92","4"
"20254","1147063000","신정2동","SC01","외식/카페","175","220","45"
"20254","1147063000","신정2동","SC02","소매/유통","230","243","13"
"20254","1147063000","신정2동","SC03","생활서비스","175","190","15"
"20254","1147063000","신정2동","SC04","교육/의료/전문서비스","261","274","13"
"20254","1147063000","신정2동","SC05","여가/오락/숙박","81","81","0"
"20254","1147064000","신정3동","SC01","외식/카페","115","191","76"
"20254","1147064000","신정3동","SC02","소매/유통","339","373","34"
"20254","1147064000","신정3동","SC03","생활서비스","256","270","14"
"20254","1147064000","신정3동","SC04","교육/의료/전문서비스","222","244","22"
"20254","1147064000","신정3동","SC05","여가/오락/숙박","85","92","7"
"20254","1147065000","신정4동","SC01","외식/카페","501","596","95"
"20254","1147065000","신정4동","SC02","소매/유통","727","769","42"
"20254","1147065000","신정4동","SC03","생활서비스","480","496","16"
"20254","1147065000","신정4동","SC04","교육/의료/전문서비스","449","461","12"
"20254","1147065000","신정4동","SC05","여가/오락/숙박","202","204","2"
"20254","1147067000","신정6동","SC01","외식/카페","41","73","32"
"20254","1147067000","신정6동","SC02","소매/유통","123","134","11"
"20254","1147067000","신정6동","SC03","생활서비스","125","128","3"
"20254","1147067000","신정6동","SC04","교육/의료/전문서비스","314","331","17"
"20254","1147067000","신정6동","SC05","여가/오락/숙박","36","36","0"
"20254","1147068000","신정7동","SC01","외식/카페","105","162","57"
"20254","1147068000","신정7동","SC02","소매/유통","194","216","22"
"20254","1147068000","신정7동","SC03","생활서비스","169","178","9"
"20254","1147068000","신정7동","SC04","교육/의료/전문서비스","237","247","10"
"20254","1147068000","신정7동","SC05","여가/오락/숙박","46","49","3"
"20254","1150051000","염창동","SC01","외식/카페","179","287","108"
"20254","1150051000","염창동","SC02","소매/유통","441","477","36"
"20254","1150051000","염창동","SC03","생활서비스","291","304","13"
"20254","1150051000","염창동","SC04","교육/의료/전문서비스","265","293","28"
"20254","1150051000","염창동","SC05","여가/오락/숙박","155","157","2"
"20254","1150052000","등촌1동","SC01","외식/카페","298","405","107"
"20254","1150052000","등촌1동","SC02","소매/유통","525","577","52"
"20254","1150052000","등촌1동","SC03","생활서비스","292","305","13"
"20254","1150052000","등촌1동","SC04","교육/의료/전문서비스","146","151","5"
"20254","1150052000","등촌1동","SC05","여가/오락/숙박","107","114","7"
"20254","1150053000","등촌2동","SC01","외식/카페","91","123","32"
"20254","1150053000","등촌2동","SC02","소매/유통","167","181","14"
"20254","1150053000","등촌2동","SC03","생활서비스","135","143","8"
"20254","1150053000","등촌2동","SC04","교육/의료/전문서비스","77","81","4"
"20254","1150053000","등촌2동","SC05","여가/오락/숙박","38","39","1"
"20254","1150053500","등촌3동","SC01","외식/카페","291","404","113"
"20254","1150053500","등촌3동","SC02","소매/유통","798","842","44"
"20254","1150053500","등촌3동","SC03","생활서비스","280","294","14"
"20254","1150053500","등촌3동","SC04","교육/의료/전문서비스","256","269","13"
"20254","1150053500","등촌3동","SC05","여가/오락/숙박","125","126","1"
"20254","1150054000","화곡1동","SC01","외식/카페","578","701","123"
"20254","1150054000","화곡1동","SC02","소매/유통","665","733","68"
"20254","1150054000","화곡1동","SC03","생활서비스","499","514","15"
"20254","1150054000","화곡1동","SC04","교육/의료/전문서비스","174","183","9"
"20254","1150054000","화곡1동","SC05","여가/오락/숙박","226","237","11"
"20254","1150055000","화곡2동","SC01","외식/카페","69","88","19"
"20254","1150055000","화곡2동","SC02","소매/유통","264","277","13"
"20254","1150055000","화곡2동","SC03","생활서비스","136","138","2"
"20254","1150055000","화곡2동","SC04","교육/의료/전문서비스","81","87","6"
"20254","1150055000","화곡2동","SC05","여가/오락/숙박","23","25","2"
"20254","1150056000","화곡3동","SC01","외식/카페","236","308","72"
"20254","1150056000","화곡3동","SC02","소매/유통","247","279","32"
"20254","1150056000","화곡3동","SC03","생활서비스","218","235","17"
"20254","1150056000","화곡3동","SC04","교육/의료/전문서비스","160","172","12"
"20254","1150056000","화곡3동","SC05","여가/오락/숙박","87","90","3"
"20254","1150057000","화곡4동","SC01","외식/카페","259","314","55"
"20254","1150057000","화곡4동","SC02","소매/유통","419","445","26"
"20254","1150057000","화곡4동","SC03","생활서비스","210","218","8"
"20254","1150057000","화곡4동","SC04","교육/의료/전문서비스","95","99","4"
"20254","1150057000","화곡4동","SC05","여가/오락/숙박","79","80","1"
"20254","1150059000","화곡본동","SC01","외식/카페","246","307","61"
"20254","1150059000","화곡본동","SC02","소매/유통","332","363","31"
"20254","1150059000","화곡본동","SC03","생활서비스","283","289","6"
"20254","1150059000","화곡본동","SC04","교육/의료/전문서비스","115","122","7"
"20254","1150059000","화곡본동","SC05","여가/오락/숙박","89","93","4"
"20254","1150059100","화곡6동","SC01","외식/카페","406","501","95"
"20254","1150059100","화곡6동","SC02","소매/유통","333","364","31"
"20254","1150059100","화곡6동","SC03","생활서비스","232","242","10"
"20254","1150059100","화곡6동","SC04","교육/의료/전문서비스","117","127","10"
"20254","1150059100","화곡6동","SC05","여가/오락/숙박","121","127","6"
"20254","1150059300","화곡8동","SC01","외식/카페","228","288","60"
"20254","1150059300","화곡8동","SC02","소매/유통","368","390","22"
"20254","1150059300","화곡8동","SC03","생활서비스","230","239","9"
"20254","1150059300","화곡8동","SC04","교육/의료/전문서비스","81","86","5"
"20254","1150059300","화곡8동","SC05","여가/오락/숙박","51","53","2"
"20254","1150060300","가양1동","SC01","외식/카페","1277","1679","402"
"20254","1150060300","가양1동","SC02","소매/유통","1432","1547","115"
"20254","1150060300","가양1동","SC03","생활서비스","1097","1140","43"
"20254","1150060300","가양1동","SC04","교육/의료/전문서비스","489","495","6"
"20254","1150060300","가양1동","SC05","여가/오락/숙박","434","446","12"
"20254","1150060400","가양2동","SC01","외식/카페","43","67","24"
"20254","1150060400","가양2동","SC02","소매/유통","169","182","13"
"20254","1150060400","가양2동","SC03","생활서비스","78","83","5"
"20254","1150060400","가양2동","SC04","교육/의료/전문서비스","58","61","3"
"20254","1150060400","가양2동","SC05","여가/오락/숙박","41","41","0"
"20254","1150060500","가양3동","SC01","외식/카페","24","36","12"
"20254","1150060500","가양3동","SC02","소매/유통","180","190","10"
"20254","1150060500","가양3동","SC03","생활서비스","66","71","5"
"20254","1150060500","가양3동","SC04","교육/의료/전문서비스","35","37","2"
"20254","1150060500","가양3동","SC05","여가/오락/숙박","28","28","0"
"20254","1150061100","발산1동","SC01","외식/카페","497","660","163"
"20254","1150061100","발산1동","SC02","소매/유통","1538","1603","65"
"20254","1150061100","발산1동","SC03","생활서비스","743","769","26"
"20254","1150061100","발산1동","SC04","교육/의료/전문서비스","728","767","39"
"20254","1150061100","발산1동","SC05","여가/오락/숙박","234","249","15"
"20254","1150061500","우장산동","SC01","외식/카페","208","275","67"
"20254","1150061500","우장산동","SC02","소매/유통","357","391","34"
"20254","1150061500","우장산동","SC03","생활서비스","285","298","13"
"20254","1150061500","우장산동","SC04","교육/의료/전문서비스","310","334","24"
"20254","1150061500","우장산동","SC05","여가/오락/숙박","106","110","4"
"20254","1150062000","공항동","SC01","외식/카페","288","362","74"
"20254","1150062000","공항동","SC02","소매/유통","520","566","46"
"20254","1150062000","공항동","SC03","생활서비스","248","259","11"
"20254","1150062000","공항동","SC04","교육/의료/전문서비스","121","133","12"
"20254","1150062000","공항동","SC05","여가/오락/숙박","100","101","1"
"20254","1150063000","방화1동","SC01","외식/카페","367","470","103"
"20254","1150063000","방화1동","SC02","소매/유통","654","701","47"
"20254","1150063000","방화1동","SC03","생활서비스","382","406","24"
"20254","1150063000","방화1동","SC04","교육/의료/전문서비스","326","352","26"
"20254","1150063000","방화1동","SC05","여가/오락/숙박","148","154","6"
"20254","1150064000","방화2동","SC01","외식/카페","284","361","77"
"20254","1150064000","방화2동","SC02","소매/유통","765","816","51"
"20254","1150064000","방화2동","SC03","생활서비스","229","238","9"
"20254","1150064000","방화2동","SC04","교육/의료/전문서비스","57","59","2"
"20254","1150064000","방화2동","SC05","여가/오락/숙박","97","101","4"
"20254","1150064100","방화3동","SC01","외식/카페","90","116","26"
"20254","1150064100","방화3동","SC02","소매/유통","197","211","14"
"20254","1150064100","방화3동","SC03","생활서비스","111","114","3"
"20254","1150064100","방화3동","SC04","교육/의료/전문서비스","73","76","3"
"20254","1150064100","방화3동","SC05","여가/오락/숙박","35","37","2"
"20254","1153051000","신도림동","SC01","외식/카페","269","368","99"
"20254","1153051000","신도림동","SC02","소매/유통","692","746","54"
"20254","1153051000","신도림동","SC03","생활서비스","277","293","16"
"20254","1153051000","신도림동","SC04","교육/의료/전문서비스","300","330","30"
"20254","1153051000","신도림동","SC05","여가/오락/숙박","104","111","7"
"20254","1153052000","구로1동","SC01","외식/카페","68","88","20"
"20254","1153052000","구로1동","SC02","소매/유통","203","217","14"
"20254","1153052000","구로1동","SC03","생활서비스","108","115","7"
"20254","1153052000","구로1동","SC04","교육/의료/전문서비스","94","101","7"
"20254","1153052000","구로1동","SC05","여가/오락/숙박","34","35","1"
"20254","1153053000","구로2동","SC01","외식/카페","497","577","80"
"20254","1153053000","구로2동","SC02","소매/유통","3499","3539","40"
"20254","1153053000","구로2동","SC03","생활서비스","370","377","7"
"20254","1153053000","구로2동","SC04","교육/의료/전문서비스","224","224","0"
"20254","1153053000","구로2동","SC05","여가/오락/숙박","151","151","0"
"20254","1153054000","구로3동","SC01","외식/카페","721","1013","292"
"20254","1153054000","구로3동","SC02","소매/유통","1548","1644","96"
"20254","1153054000","구로3동","SC03","생활서비스","534","556","22"
"20254","1153054000","구로3동","SC04","교육/의료/전문서비스","385","392","7"
"20254","1153054000","구로3동","SC05","여가/오락/숙박","238","242","4"
"20254","1153055000","구로4동","SC01","외식/카페","421","476","55"
"20254","1153055000","구로4동","SC02","소매/유통","586","610","24"
"20254","1153055000","구로4동","SC03","생활서비스","253","257","4"
"20254","1153055000","구로4동","SC04","교육/의료/전문서비스","146","149","3"
"20254","1153055000","구로4동","SC05","여가/오락/숙박","154","156","2"
"20254","1153056000","구로5동","SC01","외식/카페","499","664","165"
"20254","1153056000","구로5동","SC02","소매/유통","1305","1355","50"
"20254","1153056000","구로5동","SC03","생활서비스","367","378","11"
"20254","1153056000","구로5동","SC04","교육/의료/전문서비스","197","200","3"
"20254","1153056000","구로5동","SC05","여가/오락/숙박","179","185","6"
"20254","1153059500","가리봉동","SC01","외식/카페","197","201","4"
"20254","1153059500","가리봉동","SC02","소매/유통","245","252","7"
"20254","1153059500","가리봉동","SC03","생활서비스","127","132","5"
"20254","1153059500","가리봉동","SC04","교육/의료/전문서비스","34","34","0"
"20254","1153059500","가리봉동","SC05","여가/오락/숙박","109","110","1"
"20254","1153072000","고척1동","SC01","외식/카페","229","337","108"
"20254","1153072000","고척1동","SC02","소매/유통","542","577","35"
"20254","1153072000","고척1동","SC03","생활서비스","201","214","13"
"20254","1153072000","고척1동","SC04","교육/의료/전문서비스","137","145","8"
"20254","1153072000","고척1동","SC05","여가/오락/숙박","109","110","1"
"20254","1153073000","고척2동","SC01","외식/카페","207","253","46"
"20254","1153073000","고척2동","SC02","소매/유통","364","385","21"
"20254","1153073000","고척2동","SC03","생활서비스","213","222","9"
"20254","1153073000","고척2동","SC04","교육/의료/전문서비스","155","159","4"
"20254","1153073000","고척2동","SC05","여가/오락/숙박","66","69","3"
"20254","1153074000","개봉1동","SC01","외식/카페","243","300","57"
"20254","1153074000","개봉1동","SC02","소매/유통","448","478","30"
"20254","1153074000","개봉1동","SC03","생활서비스","290","300","10"
"20254","1153074000","개봉1동","SC04","교육/의료/전문서비스","120","130","10"
"20254","1153074000","개봉1동","SC05","여가/오락/숙박","70","72","2"
"20254","1153075000","개봉2동","SC01","외식/카페","132","183","51"
"20254","1153075000","개봉2동","SC02","소매/유통","206","238","32"
"20254","1153075000","개봉2동","SC03","생활서비스","172","187","15"
"20254","1153075000","개봉2동","SC04","교육/의료/전문서비스","145","153","8"
"20254","1153075000","개봉2동","SC05","여가/오락/숙박","58","59","1"
"20254","1153076000","개봉3동","SC01","외식/카페","163","206","43"
"20254","1153076000","개봉3동","SC02","소매/유통","208","221","13"
"20254","1153076000","개봉3동","SC03","생활서비스","162","168","6"
"20254","1153076000","개봉3동","SC04","교육/의료/전문서비스","83","90","7"
"20254","1153076000","개봉3동","SC05","여가/오락/숙박","37","38","1"
"20254","1153077000","오류1동","SC01","외식/카페","169","219","50"
"20254","1153077000","오류1동","SC02","소매/유통","303","327","24"
"20254","1153077000","오류1동","SC03","생활서비스","198","204","6"
"20254","1153077000","오류1동","SC04","교육/의료/전문서비스","104","106","2"
"20254","1153077000","오류1동","SC05","여가/오락/숙박","86","88","2"
"20254","1153078000","오류2동","SC01","외식/카페","161","222","61"
"20254","1153078000","오류2동","SC02","소매/유통","370","402","32"
"20254","1153078000","오류2동","SC03","생활서비스","221","229","8"
"20254","1153078000","오류2동","SC04","교육/의료/전문서비스","151","166","15"
"20254","1153078000","오류2동","SC05","여가/오락/숙박","56","57","1"
"20254","1153079000","수궁동","SC01","외식/카페","107","143","36"
"20254","1153079000","수궁동","SC02","소매/유통","249","271","22"
"20254","1153079000","수궁동","SC03","생활서비스","155","158","3"
"20254","1153079000","수궁동","SC04","교육/의료/전문서비스","72","75","3"
"20254","1153079000","수궁동","SC05","여가/오락/숙박","33","33","0"
"20254","11530800","항동","SC01","외식/카페","50","82","32"
"20254","11530800","항동","SC02","소매/유통","119","132","13"
"20254","11530800","항동","SC03","생활서비스","76","82","6"
"20254","11530800","항동","SC04","교육/의료/전문서비스","93","105","12"
"20254","11530800","항동","SC05","여가/오락/숙박","29","30","1"
"20254","1154551000","가산동","SC01","외식/카페","1117","1575","458"
"20254","1154551000","가산동","SC02","소매/유통","4449","4639","190"
"20254","1154551000","가산동","SC03","생활서비스","1425","1447","22"
"20254","1154551000","가산동","SC04","교육/의료/전문서비스","644","651","7"
"20254","1154551000","가산동","SC05","여가/오락/숙박","319","330","11"
"20254","1154561000","독산1동","SC01","외식/카페","411","560","149"
"20254","1154561000","독산1동","SC02","소매/유통","1014","1084","70"
"20254","1154561000","독산1동","SC03","생활서비스","457","485","28"
"20254","1154561000","독산1동","SC04","교육/의료/전문서비스","234","251","17"
"20254","1154561000","독산1동","SC05","여가/오락/숙박","132","138","6"
"20254","1154562000","독산2동","SC01","외식/카페","165","221","56"
"20254","1154562000","독산2동","SC02","소매/유통","234","250","16"
"20254","1154562000","독산2동","SC03","생활서비스","163","164","1"
"20254","1154562000","독산2동","SC04","교육/의료/전문서비스","64","67","3"
"20254","1154562000","독산2동","SC05","여가/오락/숙박","52","53","1"
"20254","1154563000","독산3동","SC01","외식/카페","326","370","44"
"20254","1154563000","독산3동","SC02","소매/유통","447","476","29"
"20254","1154563000","독산3동","SC03","생활서비스","233","236","3"
"20254","1154563000","독산3동","SC04","교육/의료/전문서비스","135","144","9"
"20254","1154563000","독산3동","SC05","여가/오락/숙박","102","107","5"
"20254","1154564000","독산4동","SC01","외식/카페","190","231","41"
"20254","1154564000","독산4동","SC02","소매/유통","176","189","13"
"20254","1154564000","독산4동","SC03","생활서비스","132","133","1"
"20254","1154564000","독산4동","SC04","교육/의료/전문서비스","51","52","1"
"20254","1154564000","독산4동","SC05","여가/오락/숙박","67","70","3"
"20254","1154567000","시흥1동","SC01","외식/카페","520","647","127"
"20254","1154567000","시흥1동","SC02","소매/유통","759","814","55"
"20254","1154567000","시흥1동","SC03","생활서비스","388","406","18"
"20254","1154567000","시흥1동","SC04","교육/의료/전문서비스","230","237","7"
"20254","1154567000","시흥1동","SC05","여가/오락/숙박","166","172","6"
"20254","1154568000","시흥2동","SC01","외식/카페","26","41","15"
"20254","1154568000","시흥2동","SC02","소매/유통","139","146","7"
"20254","1154568000","시흥2동","SC03","생활서비스","77","81","4"
"20254","1154568000","시흥2동","SC04","교육/의료/전문서비스","94","101","7"
"20254","1154568000","시흥2동","SC05","여가/오락/숙박","15","18","3"
"20254","1154569000","시흥3동","SC01","외식/카페","100","126","26"
"20254","1154569000","시흥3동","SC02","소매/유통","594","601","7"
"20254","1154569000","시흥3동","SC03","생활서비스","151","153","2"
"20254","1154569000","시흥3동","SC04","교육/의료/전문서비스","67","68","1"
"20254","1154569000","시흥3동","SC05","여가/오락/숙박","27","27","0"
"20254","11545700","시흥4동","SC01","외식/카페","86","96","10"
"20254","11545700","시흥4동","SC02","소매/유통","146","159","13"
"20254","11545700","시흥4동","SC03","생활서비스","116","120","4"
"20254","11545700","시흥4동","SC04","교육/의료/전문서비스","55","58","3"
"20254","11545700","시흥4동","SC05","여가/오락/숙박","27","27","0"
"20254","1154571000","시흥5동","SC01","외식/카페","150","189","39"
"20254","1154571000","시흥5동","SC02","소매/유통","251","274","23"
"20254","1154571000","시흥5동","SC03","생활서비스","176","179","3"
"20254","1154571000","시흥5동","SC04","교육/의료/전문서비스","82","87","5"
"20254","1154571000","시흥5동","SC05","여가/오락/숙박","56","58","2"
"20254","1156051500","영등포본동","SC01","외식/카페","226","300","74"
"20254","1156051500","영등포본동","SC02","소매/유통","661","692","31"
"20254","1156051500","영등포본동","SC03","생활서비스","165","172","7"
"20254","1156051500","영등포본동","SC04","교육/의료/전문서비스","83","88","5"
"20254","1156051500","영등포본동","SC05","여가/오락/숙박","77","79","2"
"20254","1156053500","영등포동","SC01","외식/카페","871","1119","248"
"20254","1156053500","영등포동","SC02","소매/유통","1727","1844","117"
"20254","1156053500","영등포동","SC03","생활서비스","574","593","19"
"20254","1156053500","영등포동","SC04","교육/의료/전문서비스","238","246","8"
"20254","1156053500","영등포동","SC05","여가/오락/숙박","338","348","10"
"20254","1156054000","여의동","SC01","외식/카페","1793","2218","425"
"20254","1156054000","여의동","SC02","소매/유통","1532","1666","134"
"20254","1156054000","여의동","SC03","생활서비스","736","758","22"
"20254","1156054000","여의동","SC04","교육/의료/전문서비스","748","767","19"
"20254","1156054000","여의동","SC05","여가/오락/숙박","343","356","13"
"20254","1156055000","당산1동","SC01","외식/카페","577","699","122"
"20254","1156055000","당산1동","SC02","소매/유통","960","1003","43"
"20254","1156055000","당산1동","SC03","생활서비스","422","434","12"
"20254","1156055000","당산1동","SC04","교육/의료/전문서비스","322","325","3"
"20254","1156055000","당산1동","SC05","여가/오락/숙박","160","160","0"
"20254","1156056000","당산2동","SC01","외식/카페","383","487","104"
"20254","1156056000","당산2동","SC02","소매/유통","511","572","61"
"20254","1156056000","당산2동","SC03","생활서비스","374","389","15"
"20254","1156056000","당산2동","SC04","교육/의료/전문서비스","341","360","19"
"20254","1156056000","당산2동","SC05","여가/오락/숙박","177","183","6"
"20254","1156058500","도림동","SC01","외식/카페","139","167","28"
"20254","1156058500","도림동","SC02","소매/유통","258","278","20"
"20254","1156058500","도림동","SC03","생활서비스","178","179","1"
"20254","1156058500","도림동","SC04","교육/의료/전문서비스","66","72","6"
"20254","1156058500","도림동","SC05","여가/오락/숙박","56","57","1"
"20254","1156060500","문래동","SC01","외식/카페","665","800","135"
"20254","1156060500","문래동","SC02","소매/유통","1112","1167","55"
"20254","1156060500","문래동","SC03","생활서비스","394","414","20"
"20254","1156060500","문래동","SC04","교육/의료/전문서비스","327","338","11"
"20254","1156060500","문래동","SC05","여가/오락/숙박","169","175","6"
"20254","1156061000","양평1동","SC01","외식/카페","296","360","64"
"20254","1156061000","양평1동","SC02","소매/유통","482","507","25"
"20254","1156061000","양평1동","SC03","생활서비스","231","245","14"
"20254","1156061000","양평1동","SC04","교육/의료/전문서비스","159","162","3"
"20254","1156061000","양평1동","SC05","여가/오락/숙박","76","79","3"
"20254","1156062000","양평2동","SC01","외식/카페","322","408","86"
"20254","1156062000","양평2동","SC02","소매/유통","525","556","31"
"20254","1156062000","양평2동","SC03","생활서비스","264","271","7"
"20254","1156062000","양평2동","SC04","교육/의료/전문서비스","218","225","7"
"20254","1156062000","양평2동","SC05","여가/오락/숙박","118","119","1"
"20254","1156063000","신길1동","SC01","외식/카페","177","212","35"
"20254","1156063000","신길1동","SC02","소매/유통","299","324","25"
"20254","1156063000","신길1동","SC03","생활서비스","177","184","7"
"20254","1156063000","신길1동","SC04","교육/의료/전문서비스","70","72","2"
"20254","1156063000","신길1동","SC05","여가/오락/숙박","72","75","3"
"20254","1156065000","신길3동","SC01","외식/카페","133","158","25"
"20254","1156065000","신길3동","SC02","소매/유통","270","282","12"
"20254","1156065000","신길3동","SC03","생활서비스","157","160","3"
"20254","1156065000","신길3동","SC04","교육/의료/전문서비스","93","99","6"
"20254","1156065000","신길3동","SC05","여가/오락/숙박","67","69","2"
"20254","1156066000","신길4동","SC01","외식/카페","74","96","22"
"20254","1156066000","신길4동","SC02","소매/유통","119","127","8"
"20254","1156066000","신길4동","SC03","생활서비스","81","82","1"
"20254","1156066000","신길4동","SC04","교육/의료/전문서비스","44","51","7"
"20254","1156066000","신길4동","SC05","여가/오락/숙박","17","17","0"
"20254","1156067000","신길5동","SC01","외식/카페","58","73","15"
"20254","1156067000","신길5동","SC02","소매/유통","93","101","8"
"20254","1156067000","신길5동","SC03","생활서비스","77","80","3"
"20254","1156067000","신길5동","SC04","교육/의료/전문서비스","32","34","2"
"20254","1156067000","신길5동","SC05","여가/오락/숙박","28","28","0"
"20254","1156068000","신길6동","SC01","외식/카페","177","232","55"
"20254","1156068000","신길6동","SC02","소매/유통","271","301","30"
"20254","1156068000","신길6동","SC03","생활서비스","222","229","7"
"20254","1156068000","신길6동","SC04","교육/의료/전문서비스","208","222","14"
"20254","1156068000","신길6동","SC05","여가/오락/숙박","84","88","4"
"20254","1156069000","신길7동","SC01","외식/카페","84","118","34"
"20254","1156069000","신길7동","SC02","소매/유통","157","170","13"
"20254","1156069000","신길7동","SC03","생활서비스","110","113","3"
"20254","1156069000","신길7동","SC04","교육/의료/전문서비스","76","81","5"
"20254","1156069000","신길7동","SC05","여가/오락/숙박","52","56","4"
"20254","11560700","대림1동","SC01","외식/카페","171","220","49"
"20254","11560700","대림1동","SC02","소매/유통","274","294","20"
"20254","11560700","대림1동","SC03","생활서비스","139","147","8"
"20254","11560700","대림1동","SC04","교육/의료/전문서비스","61","61","0"
"20254","11560700","대림1동","SC05","여가/오락/숙박","57","57","0"
"20254","1156071000","대림2동","SC01","외식/카페","354","381","27"
"20254","1156071000","대림2동","SC02","소매/유통","372","397","25"
"20254","1156071000","대림2동","SC03","생활서비스","233","234","1"
"20254","1156071000","대림2동","SC04","교육/의료/전문서비스","82","83","1"
"20254","1156071000","대림2동","SC05","여가/오락/숙박","149","153","4"
"20254","1156072000","대림3동","SC01","외식/카페","337","373","36"
"20254","1156072000","대림3동","SC02","소매/유통","525","553","28"
"20254","1156072000","대림3동","SC03","생활서비스","257","268","11"
"20254","1156072000","대림3동","SC04","교육/의료/전문서비스","133","137","4"
"20254","1156072000","대림3동","SC05","여가/오락/숙박","156","159","3"
"20254","1159051000","노량진1동","SC01","외식/카페","308","422","114"
"20254","1159051000","노량진1동","SC02","소매/유통","430","479","49"
"20254","1159051000","노량진1동","SC03","생활서비스","232","241","9"
"20254","1159051000","노량진1동","SC04","교육/의료/전문서비스","250","265","15"
"20254","1159051000","노량진1동","SC05","여가/오락/숙박","137","141","4"
"20254","1159052000","노량진2동","SC01","외식/카페","211","243","32"
"20254","1159052000","노량진2동","SC02","소매/유통","949","965","16"
"20254","1159052000","노량진2동","SC03","생활서비스","113","115","2"
"20254","1159052000","노량진2동","SC04","교육/의료/전문서비스","63","66","3"
"20254","1159052000","노량진2동","SC05","여가/오락/숙박","40","41","1"
"20254","1159053000","상도1동","SC01","외식/카페","343","469","126"
"20254","1159053000","상도1동","SC02","소매/유통","325","379","54"
"20254","1159053000","상도1동","SC03","생활서비스","326","341","15"
"20254","1159053000","상도1동","SC04","교육/의료/전문서비스","253","264","11"
"20254","1159053000","상도1동","SC05","여가/오락/숙박","138","145","7"
"20254","1159054000","상도2동","SC01","외식/카페","169","240","71"
"20254","1159054000","상도2동","SC02","소매/유통","326","354","28"
"20254","1159054000","상도2동","SC03","생활서비스","254","267","13"
"20254","1159054000","상도2동","SC04","교육/의료/전문서비스","212","225","13"
"20254","1159054000","상도2동","SC05","여가/오락/숙박","74","80","6"
"20254","1159055000","상도3동","SC01","외식/카페","159","194","35"
"20254","1159055000","상도3동","SC02","소매/유통","258","276","18"
"20254","1159055000","상도3동","SC03","생활서비스","169","178","9"
"20254","1159055000","상도3동","SC04","교육/의료/전문서비스","84","88","4"
"20254","1159055000","상도3동","SC05","여가/오락/숙박","51","53","2"
"20254","1159056000","상도4동","SC01","외식/카페","145","176","31"
"20254","1159056000","상도4동","SC02","소매/유통","258","282","24"
"20254","1159056000","상도4동","SC03","생활서비스","188","194","6"
"20254","1159056000","상도4동","SC04","교육/의료/전문서비스","84","92","8"
"20254","1159056000","상도4동","SC05","여가/오락/숙박","40","41","1"
"20254","1159060500","흑석동","SC01","외식/카페","338","436","98"
"20254","1159060500","흑석동","SC02","소매/유통","305","340","35"
"20254","1159060500","흑석동","SC03","생활서비스","260","274","14"
"20254","1159060500","흑석동","SC04","교육/의료/전문서비스","168","181","13"
"20254","1159060500","흑석동","SC05","여가/오락/숙박","81","85","4"
"20254","1159062000","사당1동","SC01","외식/카페","462","535","73"
"20254","1159062000","사당1동","SC02","소매/유통","382","428","46"
"20254","1159062000","사당1동","SC03","생활서비스","311","324","13"
"20254","1159062000","사당1동","SC04","교육/의료/전문서비스","211","213","2"
"20254","1159062000","사당1동","SC05","여가/오락/숙박","111","116","5"
"20254","1159063000","사당2동","SC01","외식/카페","334","438","104"
"20254","1159063000","사당2동","SC02","소매/유통","436","467","31"
"20254","1159063000","사당2동","SC03","생활서비스","263","275","12"
"20254","1159063000","사당2동","SC04","교육/의료/전문서비스","212","219","7"
"20254","1159063000","사당2동","SC05","여가/오락/숙박","97","102","5"
"20254","1159064000","사당3동","SC01","외식/카페","115","156","41"
"20254","1159064000","사당3동","SC02","소매/유통","224","243","19"
"20254","1159064000","사당3동","SC03","생활서비스","158","162","4"
"20254","1159064000","사당3동","SC04","교육/의료/전문서비스","125","128","3"
"20254","1159064000","사당3동","SC05","여가/오락/숙박","42","42","0"
"20254","1159065000","사당4동","SC01","외식/카페","94","118","24"
"20254","1159065000","사당4동","SC02","소매/유통","200","218","18"
"20254","1159065000","사당4동","SC03","생활서비스","115","119","4"
"20254","1159065000","사당4동","SC04","교육/의료/전문서비스","77","82","5"
"20254","1159065000","사당4동","SC05","여가/오락/숙박","23","24","1"
"20254","1159065100","사당5동","SC01","외식/카페","58","72","14"
"20254","1159065100","사당5동","SC02","소매/유통","125","138","13"
"20254","1159065100","사당5동","SC03","생활서비스","107","113","6"
"20254","1159065100","사당5동","SC04","교육/의료/전문서비스","51","56","5"
"20254","1159065100","사당5동","SC05","여가/오락/숙박","11","11","0"
"20254","1159066000","대방동","SC01","외식/카페","222","300","78"
"20254","1159066000","대방동","SC02","소매/유통","396","441","45"
"20254","1159066000","대방동","SC03","생활서비스","253","265","12"
"20254","1159066000","대방동","SC04","교육/의료/전문서비스","315","334","19"
"20254","1159066000","대방동","SC05","여가/오락/숙박","107","111","4"
"20254","1159067000","신대방1동","SC01","외식/카페","152","187","35"
"20254","1159067000","신대방1동","SC02","소매/유통","285","310","25"
"20254","1159067000","신대방1동","SC03","생활서비스","198","203","5"
"20254","1159067000","신대방1동","SC04","교육/의료/전문서비스","117","123","6"
"20254","1159067000","신대방1동","SC05","여가/오락/숙박","60","61","1"
"20254","1159068000","신대방2동","SC01","외식/카페","264","359","95"
"20254","1159068000","신대방2동","SC02","소매/유통","251","285","34"
"20254","1159068000","신대방2동","SC03","생활서비스","222","227","5"
"20254","1159068000","신대방2동","SC04","교육/의료/전문서비스","122","125","3"
"20254","1159068000","신대방2동","SC05","여가/오락/숙박","85","87","2"
"20254","1162052500","보라매동","SC01","외식/카페","253","318","65"
"20254","1162052500","보라매동","SC02","소매/유통","585","604","19"
"20254","1162052500","보라매동","SC03","생활서비스","210","213","3"
"20254","1162052500","보라매동","SC04","교육/의료/전문서비스","79","83","4"
"20254","1162052500","보라매동","SC05","여가/오락/숙박","48","52","4"
"20254","1162054500","청림동","SC01","외식/카페","71","84","13"
"20254","1162054500","청림동","SC02","소매/유통","78","82","4"
"20254","1162054500","청림동","SC03","생활서비스","113","117","4"
"20254","1162054500","청림동","SC04","교육/의료/전문서비스","74","81","7"
"20254","1162054500","청림동","SC05","여가/오락/숙박","29","31","2"
"20254","1162056500","성현동","SC01","외식/카페","87","104","17"
"20254","1162056500","성현동","SC02","소매/유통","166","180","14"
"20254","1162056500","성현동","SC03","생활서비스","128","134","6"
"20254","1162056500","성현동","SC04","교육/의료/전문서비스","155","173","18"
"20254","1162056500","성현동","SC05","여가/오락/숙박","34","35","1"
"20254","1162057500","행운동","SC01","외식/카페","290","353","63"
"20254","1162057500","행운동","SC02","소매/유통","341","380","39"
"20254","1162057500","행운동","SC03","생활서비스","328","339","11"
"20254","1162057500","행운동","SC04","교육/의료/전문서비스","181","189","8"
"20254","1162057500","행운동","SC05","여가/오락/숙박","89","92","3"
"20254","1162058500","낙성대동","SC01","외식/카페","544","655","111"
"20254","1162058500","낙성대동","SC02","소매/유통","224","265","41"
"20254","1162058500","낙성대동","SC03","생활서비스","200","214","14"
"20254","1162058500","낙성대동","SC04","교육/의료/전문서비스","135","137","2"
"20254","1162058500","낙성대동","SC05","여가/오락/숙박","96","101","5"
"20254","1162059500","청룡동","SC01","외식/카페","393","506","113"
"20254","1162059500","청룡동","SC02","소매/유통","490","555","65"
"20254","1162059500","청룡동","SC03","생활서비스","402","425","23"
"20254","1162059500","청룡동","SC04","교육/의료/전문서비스","208","217","9"
"20254","1162059500","청룡동","SC05","여가/오락/숙박","156","164","8"
"20254","1162060500","은천동","SC01","외식/카페","303","377","74"
"20254","1162060500","은천동","SC02","소매/유통","353","377","24"
"20254","1162060500","은천동","SC03","생활서비스","262","276","14"
"20254","1162060500","은천동","SC04","교육/의료/전문서비스","182","198","16"
"20254","1162060500","은천동","SC05","여가/오락/숙박","80","84","4"
"20254","1162061500","중앙동","SC01","외식/카페","206","258","52"
"20254","1162061500","중앙동","SC02","소매/유통","221","246","25"
"20254","1162061500","중앙동","SC03","생활서비스","191","204","13"
"20254","1162061500","중앙동","SC04","교육/의료/전문서비스","138","145","7"
"20254","1162061500","중앙동","SC05","여가/오락/숙박","50","54","4"
"20254","1162062500","인헌동","SC01","외식/카페","201","243","42"
"20254","1162062500","인헌동","SC02","소매/유통","270","297","27"
"20254","1162062500","인헌동","SC03","생활서비스","208","214","6"
"20254","1162062500","인헌동","SC04","교육/의료/전문서비스","118","125","7"
"20254","1162062500","인헌동","SC05","여가/오락/숙박","59","62","3"
"20254","1162063000","남현동","SC01","외식/카페","211","263","52"
"20254","1162063000","남현동","SC02","소매/유통","204","230","26"
"20254","1162063000","남현동","SC03","생활서비스","148","157","9"
"20254","1162063000","남현동","SC04","교육/의료/전문서비스","116","119","3"
"20254","1162063000","남현동","SC05","여가/오락/숙박","75","81","6"
"20254","1162064500","서원동","SC01","외식/카페","313","437","124"
"20254","1162064500","서원동","SC02","소매/유통","361","415","54"
"20254","1162064500","서원동","SC03","생활서비스","202","214","12"
"20254","1162064500","서원동","SC04","교육/의료/전문서비스","110","112","2"
"20254","1162064500","서원동","SC05","여가/오락/숙박","109","117","8"
"20254","1162065500","신원동","SC01","외식/카페","183","212","29"
"20254","1162065500","신원동","SC02","소매/유통","221","231","10"
"20254","1162065500","신원동","SC03","생활서비스","152","157","5"
"20254","1162065500","신원동","SC04","교육/의료/전문서비스","75","80","5"
"20254","1162065500","신원동","SC05","여가/오락/숙박","40","43","3"
"20254","1162066500","서림동","SC01","외식/카페","151","182","31"
"20254","1162066500","서림동","SC02","소매/유통","167","193","26"
"20254","1162066500","서림동","SC03","생활서비스","172","174","2"
"20254","1162066500","서림동","SC04","교육/의료/전문서비스","100","106","6"
"20254","1162066500","서림동","SC05","여가/오락/숙박","47","47","0"
"20254","1162068500","신사동","SC01","외식/카페","248","294","46"
"20254","1162068500","신사동","SC02","소매/유통","319","355","36"
"20254","1162068500","신사동","SC03","생활서비스","314","322","8"
"20254","1162068500","신사동","SC04","교육/의료/전문서비스","94","101","7"
"20254","1162068500","신사동","SC05","여가/오락/숙박","78","79","1"
"20254","1162069500","신림동","SC01","외식/카페","428","535","107"
"20254","1162069500","신림동","SC02","소매/유통","373","421","48"
"20254","1162069500","신림동","SC03","생활서비스","382","390","8"
"20254","1162069500","신림동","SC04","교육/의료/전문서비스","143","144","1"
"20254","1162069500","신림동","SC05","여가/오락/숙박","201","204","3"
"20254","1162071500","난향동","SC01","외식/카페","43","55","12"
"20254","1162071500","난향동","SC02","소매/유통","101","109","8"
"20254","1162071500","난향동","SC03","생활서비스","75","76","1"
"20254","1162071500","난향동","SC04","교육/의료/전문서비스","44","49","5"
"20254","1162071500","난향동","SC05","여가/오락/숙박","29","29","0"
"20254","1162072500","조원동","SC01","외식/카페","317","385","68"
"20254","1162072500","조원동","SC02","소매/유통","390","417","27"
"20254","1162072500","조원동","SC03","생활서비스","300","309","9"
"20254","1162072500","조원동","SC04","교육/의료/전문서비스","94","99","5"
"20254","1162072500","조원동","SC05","여가/오락/숙박","99","101","2"
"20254","1162073500","대학동","SC01","외식/카페","334","424","90"
"20254","1162073500","대학동","SC02","소매/유통","221","258","37"
"20254","1162073500","대학동","SC03","생활서비스","240","247","7"
"20254","1162073500","대학동","SC04","교육/의료/전문서비스","177","186","9"
"20254","1162073500","대학동","SC05","여가/오락/숙박","102","104","2"
"20254","1162074500","삼성동","SC01","외식/카페","82","90","8"
"20254","1162074500","삼성동","SC02","소매/유통","244","259","15"
"20254","1162074500","삼성동","SC03","생활서비스","153","155","2"
"20254","1162074500","삼성동","SC04","교육/의료/전문서비스","55","55","0"
"20254","1162074500","삼성동","SC05","여가/오락/숙박","26","26","0"
"20254","1162076500","미성동","SC01","외식/카페","176","238","62"
"20254","1162076500","미성동","SC02","소매/유통","388","414","26"
"20254","1162076500","미성동","SC03","생활서비스","251","256","5"
"20254","1162076500","미성동","SC04","교육/의료/전문서비스","111","126","15"
"20254","1162076500","미성동","SC05","여가/오락/숙박","67","68","1"
"20254","1162077500","난곡동","SC01","외식/카페","82","115","33"
"20254","1162077500","난곡동","SC02","소매/유통","228","256","28"
"20254","1162077500","난곡동","SC03","생활서비스","143","145","2"
"20254","1162077500","난곡동","SC04","교육/의료/전문서비스","81","82","1"
"20254","1162077500","난곡동","SC05","여가/오락/숙박","35","36","1"
"20254","1165051000","서초1동","SC01","외식/카페","418","552","134"
"20254","1165051000","서초1동","SC02","소매/유통","1051","1109","58"
"20254","1165051000","서초1동","SC03","생활서비스","490","503","13"
"20254","1165051000","서초1동","SC04","교육/의료/전문서비스","849","856","7"
"20254","1165051000","서초1동","SC05","여가/오락/숙박","185","190","5"
"20254","1165052000","서초2동","SC01","외식/카페","563","715","152"
"20254","1165052000","서초2동","SC02","소매/유통","1219","1295","76"
"20254","1165052000","서초2동","SC03","생활서비스","846","862","16"
"20254","1165052000","서초2동","SC04","교육/의료/전문서비스","851","865","14"
"20254","1165052000","서초2동","SC05","여가/오락/숙박","281","298","17"
"20254","1165053000","서초3동","SC01","외식/카페","929","1180","251"
"20254","1165053000","서초3동","SC02","소매/유통","1299","1386","87"
"20254","1165053000","서초3동","SC03","생활서비스","858","877","19"
"20254","1165053000","서초3동","SC04","교육/의료/전문서비스","3305","3314","9"
"20254","1165053000","서초3동","SC05","여가/오락/숙박","352","364","12"
"20254","1165053100","서초4동","SC01","외식/카페","447","560","113"
"20254","1165053100","서초4동","SC02","소매/유통","621","677","56"
"20254","1165053100","서초4동","SC03","생활서비스","429","449","20"
"20254","1165053100","서초4동","SC04","교육/의료/전문서비스","1486","1495","9"
"20254","1165053100","서초4동","SC05","여가/오락/숙박","182","192","10"
"20254","1165054000","잠원동","SC01","외식/카페","348","425","77"
"20254","1165054000","잠원동","SC02","소매/유통","543","578","35"
"20254","1165054000","잠원동","SC03","생활서비스","437","454","17"
"20254","1165054000","잠원동","SC04","교육/의료/전문서비스","403","407","4"
"20254","1165054000","잠원동","SC05","여가/오락/숙박","125","130","5"
"20254","1165055000","반포본동","SC01","외식/카페","35","39","4"
"20254","1165055000","반포본동","SC02","소매/유통","166","169","3"
"20254","1165055000","반포본동","SC03","생활서비스","87","87","0"
"20254","1165055000","반포본동","SC04","교육/의료/전문서비스","70","70","0"
"20254","1165055000","반포본동","SC05","여가/오락/숙박","13","14","1"
"20254","1165056000","반포1동","SC01","외식/카페","300","371","71"
"20254","1165056000","반포1동","SC02","소매/유통","461","493","32"
"20254","1165056000","반포1동","SC03","생활서비스","449","463","14"
"20254","1165056000","반포1동","SC04","교육/의료/전문서비스","323","325","2"
"20254","1165056000","반포1동","SC05","여가/오락/숙박","128","132","4"
"20254","1165057000","반포2동","SC01","외식/카페","59","69","10"
"20254","1165057000","반포2동","SC02","소매/유통","116","132","16"
"20254","1165057000","반포2동","SC03","생활서비스","118","130","12"
"20254","1165057000","반포2동","SC04","교육/의료/전문서비스","122","124","2"
"20254","1165057000","반포2동","SC05","여가/오락/숙박","23","23","0"
"20254","1165058000","반포3동","SC01","외식/카페","108","147","39"
"20254","1165058000","반포3동","SC02","소매/유통","455","473","18"
"20254","1165058000","반포3동","SC03","생활서비스","152","155","3"
"20254","1165058000","반포3동","SC04","교육/의료/전문서비스","310","321","11"
"20254","1165058000","반포3동","SC05","여가/오락/숙박","44","47","3"
"20254","1165058100","반포4동","SC01","외식/카페","424","588","164"
"20254","1165058100","반포4동","SC02","소매/유통","1826","1901","75"
"20254","1165058100","반포4동","SC03","생활서비스","201","219","18"
"20254","1165058100","반포4동","SC04","교육/의료/전문서비스","441","478","37"
"20254","1165058100","반포4동","SC05","여가/오락/숙박","167","174","7"
"20254","1165059000","방배본동","SC01","외식/카페","252","292","40"
"20254","1165059000","방배본동","SC02","소매/유통","451","478","27"
"20254","1165059000","방배본동","SC03","생활서비스","241","248","7"
"20254","1165059000","방배본동","SC04","교육/의료/전문서비스","231","235","4"
"20254","1165059000","방배본동","SC05","여가/오락/숙박","105","106","1"
"20254","11650600","방배1동","SC01","외식/카페","238","318","80"
"20254","11650600","방배1동","SC02","소매/유통","432","467","35"
"20254","11650600","방배1동","SC03","생활서비스","261","276","15"
"20254","11650600","방배1동","SC04","교육/의료/전문서비스","272","276","4"
"20254","11650600","방배1동","SC05","여가/오락/숙박","106","109","3"
"20254","1165061000","방배2동","SC01","외식/카페","345","422","77"
"20254","1165061000","방배2동","SC02","소매/유통","388","410","22"
"20254","1165061000","방배2동","SC03","생활서비스","298","306","8"
"20254","1165061000","방배2동","SC04","교육/의료/전문서비스","214","220","6"
"20254","1165061000","방배2동","SC05","여가/오락/숙박","95","97","2"
"20254","1165062000","방배3동","SC01","외식/카페","86","105","19"
"20254","1165062000","방배3동","SC02","소매/유통","262","280","18"
"20254","1165062000","방배3동","SC03","생활서비스","156","158","2"
"20254","1165062000","방배3동","SC04","교육/의료/전문서비스","122","123","1"
"20254","1165062000","방배3동","SC05","여가/오락/숙박","46","48","2"
"20254","1165062100","방배4동","SC01","외식/카페","304","368","64"
"20254","1165062100","방배4동","SC02","소매/유통","562","601","39"
"20254","1165062100","방배4동","SC03","생활서비스","371","385","14"
"20254","1165062100","방배4동","SC04","교육/의료/전문서비스","421","432","11"
"20254","1165062100","방배4동","SC05","여가/오락/숙박","136","139","3"
"20254","1165065100","양재1동","SC01","외식/카페","547","677","130"
"20254","1165065100","양재1동","SC02","소매/유통","1031","1106","75"
"20254","1165065100","양재1동","SC03","생활서비스","451","473","22"
"20254","1165065100","양재1동","SC04","교육/의료/전문서비스","459","472","13"
"20254","1165065100","양재1동","SC05","여가/오락/숙박","202","208","6"
"20254","1165065200","양재2동","SC01","외식/카페","630","757","127"
"20254","1165065200","양재2동","SC02","소매/유통","1764","1826","62"
"20254","1165065200","양재2동","SC03","생활서비스","551","563","12"
"20254","1165065200","양재2동","SC04","교육/의료/전문서비스","252","255","3"
"20254","1165065200","양재2동","SC05","여가/오락/숙박","181","186","5"
"20254","1165066000","내곡동","SC01","외식/카페","97","123","26"
"20254","1165066000","내곡동","SC02","소매/유통","560","575","15"
"20254","1165066000","내곡동","SC03","생활서비스","111","115","4"
"20254","1165066000","내곡동","SC04","교육/의료/전문서비스","89","95","6"
"20254","1165066000","내곡동","SC05","여가/오락/숙박","27","29","2"
"20254","1168051000","신사동","SC01","외식/카페","911","1061","150"
"20254","1168051000","신사동","SC02","소매/유통","1395","1469","74"
"20254","1168051000","신사동","SC03","생활서비스","691","713","22"
"20254","1168051000","신사동","SC04","교육/의료/전문서비스","794","802","8"
"20254","1168051000","신사동","SC05","여가/오락/숙박","205","213","8"
"20254","1168052100","논현1동","SC01","외식/카페","863","1051","188"
"20254","1168052100","논현1동","SC02","소매/유통","1365","1444","79"
"20254","1168052100","논현1동","SC03","생활서비스","981","989","8"
"20254","1168052100","논현1동","SC04","교육/의료/전문서비스","679","682","3"
"20254","1168052100","논현1동","SC05","여가/오락/숙박","303","311","8"
"20254","1168053100","논현2동","SC01","외식/카페","1000","1207","207"
"20254","1168053100","논현2동","SC02","소매/유통","1513","1609","96"
"20254","1168053100","논현2동","SC03","생활서비스","992","1013","21"
"20254","1168053100","논현2동","SC04","교육/의료/전문서비스","619","622","3"
"20254","1168053100","논현2동","SC05","여가/오락/숙박","341","346","5"
"20254","1168054500","압구정동","SC01","외식/카페","1094","1216","122"
"20254","1168054500","압구정동","SC02","소매/유통","1550","1619","69"
"20254","1168054500","압구정동","SC03","생활서비스","721","740","19"
"20254","1168054500","압구정동","SC04","교육/의료/전문서비스","789","800","11"
"20254","1168054500","압구정동","SC05","여가/오락/숙박","241","246","5"
"20254","1168056500","청담동","SC01","외식/카페","828","910","82"
"20254","1168056500","청담동","SC02","소매/유통","1694","1768","74"
"20254","1168056500","청담동","SC03","생활서비스","954","977","23"
"20254","1168056500","청담동","SC04","교육/의료/전문서비스","660","676","16"
"20254","1168056500","청담동","SC05","여가/오락/숙박","304","307","3"
"20254","1168058000","삼성1동","SC01","외식/카페","679","856","177"
"20254","1168058000","삼성1동","SC02","소매/유통","1634","1724","90"
"20254","1168058000","삼성1동","SC03","생활서비스","568","580","12"
"20254","1168058000","삼성1동","SC04","교육/의료/전문서비스","438","444","6"
"20254","1168058000","삼성1동","SC05","여가/오락/숙박","177","181","4"
"20254","1168059000","삼성2동","SC01","외식/카페","489","602","113"
"20254","1168059000","삼성2동","SC02","소매/유통","941","1012","71"
"20254","1168059000","삼성2동","SC03","생활서비스","716","736","20"
"20254","1168059000","삼성2동","SC04","교육/의료/전문서비스","556","567","11"
"20254","1168059000","삼성2동","SC05","여가/오락/숙박","227","232","5"
"20254","11680600","대치1동","SC01","외식/카페","90","136","46"
"20254","11680600","대치1동","SC02","소매/유통","183","213","30"
"20254","11680600","대치1동","SC03","생활서비스","183","196","13"
"20254","11680600","대치1동","SC04","교육/의료/전문서비스","527","545","18"
"20254","11680600","대치1동","SC05","여가/오락/숙박","52","54","2"
"20254","1168061000","대치2동","SC01","외식/카페","445","574","129"
"20254","1168061000","대치2동","SC02","소매/유통","953","1023","70"
"20254","1168061000","대치2동","SC03","생활서비스","538","549","11"
"20254","1168061000","대치2동","SC04","교육/의료/전문서비스","769","796","27"
"20254","1168061000","대치2동","SC05","여가/오락/숙박","163","168","5"
"20254","1168063000","대치4동","SC01","외식/카페","648","864","216"
"20254","1168063000","대치4동","SC02","소매/유통","910","973","63"
"20254","1168063000","대치4동","SC03","생활서비스","642","667","25"
"20254","1168063000","대치4동","SC04","교육/의료/전문서비스","1372","1405","33"
"20254","1168063000","대치4동","SC05","여가/오락/숙박","205","214","9"
"20254","1168064000","역삼1동","SC01","외식/카페","2431","2999","568"
"20254","1168064000","역삼1동","SC02","소매/유통","3042","3290","248"
"20254","1168064000","역삼1동","SC03","생활서비스","2209","2271","62"
"20254","1168064000","역삼1동","SC04","교육/의료/전문서비스","2697","2705","8"
"20254","1168064000","역삼1동","SC05","여가/오락/숙박","739","770","31"
"20254","1168065000","역삼2동","SC01","외식/카페","525","636","111"
"20254","1168065000","역삼2동","SC02","소매/유통","886","964","78"
"20254","1168065000","역삼2동","SC03","생활서비스","702","711","9"
"20254","1168065000","역삼2동","SC04","교육/의료/전문서비스","678","690","12"
"20254","1168065000","역삼2동","SC05","여가/오락/숙박","250","257","7"
"20254","1168065500","도곡1동","SC01","외식/카페","225","283","58"
"20254","1168065500","도곡1동","SC02","소매/유통","427","461","34"
"20254","1168065500","도곡1동","SC03","생활서비스","273","285","12"
"20254","1168065500","도곡1동","SC04","교육/의료/전문서비스","297","304","7"
"20254","1168065500","도곡1동","SC05","여가/오락/숙박","112","115","3"
"20254","1168065600","도곡2동","SC01","외식/카페","283","337","54"
"20254","1168065600","도곡2동","SC02","소매/유통","498","531","33"
"20254","1168065600","도곡2동","SC03","생활서비스","287","294","7"
"20254","1168065600","도곡2동","SC04","교육/의료/전문서비스","300","309","9"
"20254","1168065600","도곡2동","SC05","여가/오락/숙박","130","131","1"
"20254","1168066000","개포1동","SC01","외식/카페","10","10","0"
"20254","1168066000","개포1동","SC02","소매/유통","77","83","6"
"20254","1168066000","개포1동","SC03","생활서비스","68","69","1"
"20254","1168066000","개포1동","SC04","교육/의료/전문서비스","30","32","2"
"20254","1168066000","개포1동","SC05","여가/오락/숙박","7","7","0"
"20254","1168067000","개포2동","SC01","외식/카페","123","167","44"
"20254","1168067000","개포2동","SC02","소매/유통","237","259","22"
"20254","1168067000","개포2동","SC03","생활서비스","264","276","12"
"20254","1168067000","개포2동","SC04","교육/의료/전문서비스","246","258","12"
"20254","1168067000","개포2동","SC05","여가/오락/숙박","63","66","3"
"20254","1168069000","개포4동","SC01","외식/카페","183","237","54"
"20254","1168069000","개포4동","SC02","소매/유통","646","675","29"
"20254","1168069000","개포4동","SC03","생활서비스","327","338","11"
"20254","1168069000","개포4동","SC04","교육/의료/전문서비스","169","175","6"
"20254","1168069000","개포4동","SC05","여가/오락/숙박","93","93","0"
"20254","11680700","세곡동","SC01","외식/카페","165","248","83"
"20254","11680700","세곡동","SC02","소매/유통","517","561","44"
"20254","11680700","세곡동","SC03","생활서비스","274","286","12"
"20254","11680700","세곡동","SC04","교육/의료/전문서비스","215","236","21"
"20254","11680700","세곡동","SC05","여가/오락/숙박","73","76","3"
"20254","1168072000","일원본동","SC01","외식/카페","39","52","13"
"20254","1168072000","일원본동","SC02","소매/유통","128","145","17"
"20254","1168072000","일원본동","SC03","생활서비스","106","113","7"
"20254","1168072000","일원본동","SC04","교육/의료/전문서비스","121","130","9"
"20254","1168072000","일원본동","SC05","여가/오락/숙박","21","22","1"
"20254","1168073000","일원1동","SC01","외식/카페","143","190","47"
"20254","1168073000","일원1동","SC02","소매/유통","228","253","25"
"20254","1168073000","일원1동","SC03","생활서비스","147","159","12"
"20254","1168073000","일원1동","SC04","교육/의료/전문서비스","89","94","5"
"20254","1168073000","일원1동","SC05","여가/오락/숙박","83","85","2"
"20254","1168074000","일원2동","SC01","외식/카페","52","68","16"
"20254","1168074000","일원2동","SC02","소매/유통","137","145","8"
"20254","1168074000","일원2동","SC03","생활서비스","98","101","3"
"20254","1168074000","일원2동","SC04","교육/의료/전문서비스","90","93","3"
"20254","1168074000","일원2동","SC05","여가/오락/숙박","22","22","0"
"20254","1168075000","수서동","SC01","외식/카페","140","211","71"
"20254","1168075000","수서동","SC02","소매/유통","314","339","25"
"20254","1168075000","수서동","SC03","생활서비스","146","152","6"
"20254","1168075000","수서동","SC04","교육/의료/전문서비스","118","119","1"
"20254","1168075000","수서동","SC05","여가/오락/숙박","45","48","3"
"20254","1171051000","풍납1동","SC01","외식/카페","88","109","21"
"20254","1171051000","풍납1동","SC02","소매/유통","176","189","13"
"20254","1171051000","풍납1동","SC03","생활서비스","89","90","1"
"20254","1171051000","풍납1동","SC04","교육/의료/전문서비스","42","43","1"
"20254","1171051000","풍납1동","SC05","여가/오락/숙박","27","27","0"
"20254","1171052000","풍납2동","SC01","외식/카페","106","139","33"
"20254","1171052000","풍납2동","SC02","소매/유통","277","297","20"
"20254","1171052000","풍납2동","SC03","생활서비스","155","161","6"
"20254","1171052000","풍납2동","SC04","교육/의료/전문서비스","172","181","9"
"20254","1171052000","풍납2동","SC05","여가/오락/숙박","58","59","1"
"20254","1171053100","거여1동","SC01","외식/카페","114","141","27"
"20254","1171053100","거여1동","SC02","소매/유통","200","210","10"
"20254","1171053100","거여1동","SC03","생활서비스","124","126","2"
"20254","1171053100","거여1동","SC04","교육/의료/전문서비스","63","67","4"
"20254","1171053100","거여1동","SC05","여가/오락/숙박","49","49","0"
"20254","1171053200","거여2동","SC01","외식/카페","108","154","46"
"20254","1171053200","거여2동","SC02","소매/유통","189","213","24"
"20254","1171053200","거여2동","SC03","생활서비스","149","154","5"
"20254","1171053200","거여2동","SC04","교육/의료/전문서비스","161","175","14"
"20254","1171053200","거여2동","SC05","여가/오락/숙박","60","63","3"
"20254","1171054000","마천1동","SC01","외식/카페","114","131","17"
"20254","1171054000","마천1동","SC02","소매/유통","203","216","13"
"20254","1171054000","마천1동","SC03","생활서비스","156","157","1"
"20254","1171054000","마천1동","SC04","교육/의료/전문서비스","55","58","3"
"20254","1171054000","마천1동","SC05","여가/오락/숙박","30","30","0"
"20254","1171055000","마천2동","SC01","외식/카페","189","230","41"
"20254","1171055000","마천2동","SC02","소매/유통","393","412","19"
"20254","1171055000","마천2동","SC03","생활서비스","161","167","6"
"20254","1171055000","마천2동","SC04","교육/의료/전문서비스","70","73","3"
"20254","1171055000","마천2동","SC05","여가/오락/숙박","40","40","0"
"20254","1171056100","방이1동","SC01","외식/카페","256","311","55"
"20254","1171056100","방이1동","SC02","소매/유통","291","317","26"
"20254","1171056100","방이1동","SC03","생활서비스","184","194","10"
"20254","1171056100","방이1동","SC04","교육/의료/전문서비스","299","322","23"
"20254","1171056100","방이1동","SC05","여가/오락/숙박","97","98","1"
"20254","1171056200","방이2동","SC01","외식/카페","670","829","159"
"20254","1171056200","방이2동","SC02","소매/유통","762","812","50"
"20254","1171056200","방이2동","SC03","생활서비스","520","538","18"
"20254","1171056200","방이2동","SC04","교육/의료/전문서비스","291","299","8"
"20254","1171056200","방이2동","SC05","여가/오락/숙박","272","279","7"
"20254","1171056600","오륜동","SC01","외식/카페","44","75","31"
"20254","1171056600","오륜동","SC02","소매/유통","247","266","19"
"20254","1171056600","오륜동","SC03","생활서비스","63","66","3"
"20254","1171056600","오륜동","SC04","교육/의료/전문서비스","49","52","3"
"20254","1171056600","오륜동","SC05","여가/오락/숙박","19","19","0"
"20254","1171057000","오금동","SC01","외식/카페","311","364","53"
"20254","1171057000","오금동","SC02","소매/유통","630","666","36"
"20254","1171057000","오금동","SC03","생활서비스","342","356","14"
"20254","1171057000","오금동","SC04","교육/의료/전문서비스","260","266","6"
"20254","1171057000","오금동","SC05","여가/오락/숙박","129","133","4"
"20254","1171058000","송파1동","SC01","외식/카페","577","655","78"
"20254","1171058000","송파1동","SC02","소매/유통","521","567","46"
"20254","1171058000","송파1동","SC03","생활서비스","373","391","18"
"20254","1171058000","송파1동","SC04","교육/의료/전문서비스","221","230","9"
"20254","1171058000","송파1동","SC05","여가/오락/숙박","160","168","8"
"20254","1171059000","송파2동","SC01","외식/카페","139","194","55"
"20254","1171059000","송파2동","SC02","소매/유통","299","313","14"
"20254","1171059000","송파2동","SC03","생활서비스","165","170","5"
"20254","1171059000","송파2동","SC04","교육/의료/전문서비스","161","176","15"
"20254","1171059000","송파2동","SC05","여가/오락/숙박","50","50","0"
"20254","11710600","석촌동","SC01","외식/카페","572","705","133"
"20254","11710600","석촌동","SC02","소매/유통","731","776","45"
"20254","11710600","석촌동","SC03","생활서비스","486","503","17"
"20254","11710600","석촌동","SC04","교육/의료/전문서비스","311","332","21"
"20254","11710600","석촌동","SC05","여가/오락/숙박","207","219","12"
"20254","1171061000","삼전동","SC01","외식/카페","322","414","92"
"20254","1171061000","삼전동","SC02","소매/유통","461","496","35"
"20254","1171061000","삼전동","SC03","생활서비스","348","366","18"
"20254","1171061000","삼전동","SC04","교육/의료/전문서비스","257","267","10"
"20254","1171061000","삼전동","SC05","여가/오락/숙박","141","152","11"
"20254","1171062000","가락본동","SC01","외식/카페","514","645","131"
"20254","1171062000","가락본동","SC02","소매/유통","1020","1071","51"
"20254","1171062000","가락본동","SC03","생활서비스","327","343","16"
"20254","1171062000","가락본동","SC04","교육/의료/전문서비스","249","258","9"
"20254","1171062000","가락본동","SC05","여가/오락/숙박","261","264","3"
"20254","1171063100","가락1동","SC01","외식/카페","151","185","34"
"20254","1171063100","가락1동","SC02","소매/유통","2943","2963","20"
"20254","1171063100","가락1동","SC03","생활서비스","169","181","12"
"20254","1171063100","가락1동","SC04","교육/의료/전문서비스","134","139","5"
"20254","1171063100","가락1동","SC05","여가/오락/숙박","23","25","2"
"20254","1171063200","가락2동","SC01","외식/카페","224","287","63"
"20254","1171063200","가락2동","SC02","소매/유통","575","609","34"
"20254","1171063200","가락2동","SC03","생활서비스","301","322","21"
"20254","1171063200","가락2동","SC04","교육/의료/전문서비스","289","300","11"
"20254","1171063200","가락2동","SC05","여가/오락/숙박","104","107","3"
"20254","1171064100","문정1동","SC01","외식/카페","198","245","47"
"20254","1171064100","문정1동","SC02","소매/유통","421","447","26"
"20254","1171064100","문정1동","SC03","생활서비스","260","264","4"
"20254","1171064100","문정1동","SC04","교육/의료/전문서비스","116","122","6"
"20254","1171064100","문정1동","SC05","여가/오락/숙박","107","111","4"
"20254","1171064200","문정2동","SC01","외식/카페","807","1102","295"
"20254","1171064200","문정2동","SC02","소매/유통","2852","2952","100"
"20254","1171064200","문정2동","SC03","생활서비스","896","930","34"
"20254","1171064200","문정2동","SC04","교육/의료/전문서비스","888","897","9"
"20254","1171064200","문정2동","SC05","여가/오락/숙박","241","252","11"
"20254","1171064600","장지동","SC01","외식/카페","157","203","46"
"20254","1171064600","장지동","SC02","소매/유통","311","339","28"
"20254","1171064600","장지동","SC03","생활서비스","220","225","5"
"20254","1171064600","장지동","SC04","교육/의료/전문서비스","152","163","11"
"20254","1171064600","장지동","SC05","여가/오락/숙박","94","94","0"
"20254","1171064700","위례동","SC01","외식/카페","149","240","91"
"20254","1171064700","위례동","SC02","소매/유통","267","303","36"
"20254","1171064700","위례동","SC03","생활서비스","197","209","12"
"20254","1171064700","위례동","SC04","교육/의료/전문서비스","239","268","29"
"20254","1171064700","위례동","SC05","여가/오락/숙박","67","71","4"
"20254","1171065000","잠실본동","SC01","외식/카페","723","925","202"
"20254","1171065000","잠실본동","SC02","소매/유통","710","784","74"
"20254","1171065000","잠실본동","SC03","생활서비스","549","584","35"
"20254","1171065000","잠실본동","SC04","교육/의료/전문서비스","406","422","16"
"20254","1171065000","잠실본동","SC05","여가/오락/숙박","348","367","19"
"20254","1171067000","잠실2동","SC01","외식/카페","96","144","48"
"20254","1171067000","잠실2동","SC02","소매/유통","310","330","20"
"20254","1171067000","잠실2동","SC03","생활서비스","194","206","12"
"20254","1171067000","잠실2동","SC04","교육/의료/전문서비스","205","219","14"
"20254","1171067000","잠실2동","SC05","여가/오락/숙박","37","37","0"
"20254","1171068000","잠실3동","SC01","외식/카페","194","286","92"
"20254","1171068000","잠실3동","SC02","소매/유통","887","925","38"
"20254","1171068000","잠실3동","SC03","생활서비스","225","235","10"
"20254","1171068000","잠실3동","SC04","교육/의료/전문서비스","158","164","6"
"20254","1171068000","잠실3동","SC05","여가/오락/숙박","56","60","4"
"20254","1171069000","잠실4동","SC01","외식/카페","29","43","14"
"20254","1171069000","잠실4동","SC02","소매/유통","106","126","20"
"20254","1171069000","잠실4동","SC03","생활서비스","78","85","7"
"20254","1171069000","잠실4동","SC04","교육/의료/전문서비스","88","92","4"
"20254","1171069000","잠실4동","SC05","여가/오락/숙박","21","22","1"
"20254","1171071000","잠실6동","SC01","외식/카페","381","503","122"
"20254","1171071000","잠실6동","SC02","소매/유통","726","777","51"
"20254","1171071000","잠실6동","SC03","생활서비스","222","241","19"
"20254","1171071000","잠실6동","SC04","교육/의료/전문서비스","272","282","10"
"20254","1171071000","잠실6동","SC05","여가/오락/숙박","79","83","4"
"20254","1171072000","잠실7동","SC01","외식/카페","15","17","2"
"20254","1171072000","잠실7동","SC02","소매/유통","81","90","9"
"20254","1171072000","잠실7동","SC03","생활서비스","49","50","1"
"20254","1171072000","잠실7동","SC04","교육/의료/전문서비스","24","24","0"
"20254","1171072000","잠실7동","SC05","여가/오락/숙박","15","15","0"
"20254","1174051500","강일동","SC01","외식/카페","97","165","68"
"20254","1174051500","강일동","SC02","소매/유통","267","306","39"
"20254","1174051500","강일동","SC03","생활서비스","162","175","13"
"20254","1174051500","강일동","SC04","교육/의료/전문서비스","257","287","30"
"20254","1174051500","강일동","SC05","여가/오락/숙박","67","71","4"
"20254","1174052000","상일동","SC01","외식/카페","193","246","53"
"20254","1174052000","상일동","SC02","소매/유통","295","318","23"
"20254","1174052000","상일동","SC03","생활서비스","195","206","11"
"20254","1174052000","상일동","SC04","교육/의료/전문서비스","142","159","17"
"20254","1174052000","상일동","SC05","여가/오락/숙박","40","42","2"
"20254","1174053000","명일1동","SC01","외식/카페","288","376","88"
"20254","1174053000","명일1동","SC02","소매/유통","545","576","31"
"20254","1174053000","명일1동","SC03","생활서비스","226","240","14"
"20254","1174053000","명일1동","SC04","교육/의료/전문서비스","266","286","20"
"20254","1174053000","명일1동","SC05","여가/오락/숙박","119","125","6"
"20254","1174054000","명일2동","SC01","외식/카페","128","211","83"
"20254","1174054000","명일2동","SC02","소매/유통","248","275","27"
"20254","1174054000","명일2동","SC03","생활서비스","148","154","6"
"20254","1174054000","명일2동","SC04","교육/의료/전문서비스","407","429","22"
"20254","1174054000","명일2동","SC05","여가/오락/숙박","57","61","4"
"20254","1174055000","고덕1동","SC01","외식/카페","79","107","28"
"20254","1174055000","고덕1동","SC02","소매/유통","162","175","13"
"20254","1174055000","고덕1동","SC03","생활서비스","147","154","7"
"20254","1174055000","고덕1동","SC04","교육/의료/전문서비스","118","139","21"
"20254","1174055000","고덕1동","SC05","여가/오락/숙박","35","36","1"
"20254","1174056000","고덕2동","SC01","외식/카페","167","242","75"
"20254","1174056000","고덕2동","SC02","소매/유통","258","288","30"
"20254","1174056000","고덕2동","SC03","생활서비스","243","259","16"
"20254","1174056000","고덕2동","SC04","교육/의료/전문서비스","172","186","14"
"20254","1174056000","고덕2동","SC05","여가/오락/숙박","53","60","7"
"20254","1174057000","암사1동","SC01","외식/카페","283","344","61"
"20254","1174057000","암사1동","SC02","소매/유통","462","494","32"
"20254","1174057000","암사1동","SC03","생활서비스","312","323","11"
"20254","1174057000","암사1동","SC04","교육/의료/전문서비스","127","135","8"
"20254","1174057000","암사1동","SC05","여가/오락/숙박","80","84","4"
"20254","1174058000","암사2동","SC01","외식/카페","113","149","36"
"20254","1174058000","암사2동","SC02","소매/유통","190","211","21"
"20254","1174058000","암사2동","SC03","생활서비스","141","147","6"
"20254","1174058000","암사2동","SC04","교육/의료/전문서비스","121","129","8"
"20254","1174058000","암사2동","SC05","여가/오락/숙박","62","62","0"
"20254","1174059000","암사3동","SC01","외식/카페","37","63","26"
"20254","1174059000","암사3동","SC02","소매/유통","214","226","12"
"20254","1174059000","암사3동","SC03","생활서비스","125","132","7"
"20254","1174059000","암사3동","SC04","교육/의료/전문서비스","138","145","7"
"20254","1174059000","암사3동","SC05","여가/오락/숙박","24","24","0"
"20254","11740600","천호1동","SC01","외식/카페","209","272","63"
"20254","11740600","천호1동","SC02","소매/유통","394","424","30"
"20254","11740600","천호1동","SC03","생활서비스","262","268","6"
"20254","11740600","천호1동","SC04","교육/의료/전문서비스","115","121","6"
"20254","11740600","천호1동","SC05","여가/오락/숙박","52","54","2"
"20254","1174061000","천호2동","SC01","외식/카페","573","718","145"
"20254","1174061000","천호2동","SC02","소매/유통","1466","1548","82"
"20254","1174061000","천호2동","SC03","생활서비스","437","473","36"
"20254","1174061000","천호2동","SC04","교육/의료/전문서비스","248","251","3"
"20254","1174061000","천호2동","SC05","여가/오락/숙박","167","178","11"
"20254","1174062000","천호3동","SC01","외식/카페","332","419","87"
"20254","1174062000","천호3동","SC02","소매/유통","522","549","27"
"20254","1174062000","천호3동","SC03","생활서비스","308","327","19"
"20254","1174062000","천호3동","SC04","교육/의료/전문서비스","123","128","5"
"20254","1174062000","천호3동","SC05","여가/오락/숙박","96","99","3"
"20254","1174064000","성내1동","SC01","외식/카페","288","365","77"
"20254","1174064000","성내1동","SC02","소매/유통","424","447","23"
"20254","1174064000","성내1동","SC03","생활서비스","221","226","5"
"20254","1174064000","성내1동","SC04","교육/의료/전문서비스","175","184","9"
"20254","1174064000","성내1동","SC05","여가/오락/숙박","107","111","4"
"20254","1174065000","성내2동","SC01","외식/카페","347","415","68"
"20254","1174065000","성내2동","SC02","소매/유통","428","464","36"
"20254","1174065000","성내2동","SC03","생활서비스","403","416","13"
"20254","1174065000","성내2동","SC04","교육/의료/전문서비스","147","154","7"
"20254","1174065000","성내2동","SC05","여가/오락/숙박","91","95","4"
"20254","1174066000","성내3동","SC01","외식/카페","483","588","105"
"20254","1174066000","성내3동","SC02","소매/유통","588","625","37"
"20254","1174066000","성내3동","SC03","생활서비스","371","386","15"
"20254","1174066000","성내3동","SC04","교육/의료/전문서비스","283","293","10"
"20254","1174066000","성내3동","SC05","여가/오락/숙박","160","165","5"
"20254","1174068500","길동","SC01","외식/카페","638","792","154"
"20254","1174068500","길동","SC02","소매/유통","925","994","69"
"20254","1174068500","길동","SC03","생활서비스","603","628","25"
"20254","1174068500","길동","SC04","교육/의료/전문서비스","341","350","9"
"20254","1174068500","길동","SC05","여가/오락/숙박","222","229","7"
"20254","1174069000","둔촌1동","SC01","외식/카페","30","48","18"
"20254","1174069000","둔촌1동","SC02","소매/유통","66","79","13"
"20254","1174069000","둔촌1동","SC03","생활서비스","15","28","13"
"20254","1174069000","둔촌1동","SC04","교육/의료/전문서비스","57","65","8"
"20254","1174069000","둔촌1동","SC05","여가/오락/숙박","8","8","0"
"20254","11740700","둔촌2동","SC01","외식/카페","216","253","37"
"20254","11740700","둔촌2동","SC02","소매/유통","371","396","25"
"20254","11740700","둔촌2동","SC03","생활서비스","265","275","10"
"20254","11740700","둔촌2동","SC04","교육/의료/전문서비스","136","147","11"
"20254","11740700","둔촌2동","SC05","여가/오락/숙박","70","73","3"
